CC1,-CC1,CC2,-CC2,M4G,-M4G,CCL,-CCL,CCX,-CCX,CC2 (Transfer),-CC2T,M4G (Transfer),-M4GT,CC1 & CC2 & M4G,-CC1CC2M4G
Days Elapsed,WPM,Days Elapsed,WPM,Days Elapsed,WPM,Days Elapsed,WPM,Days Elapsed,WPM,Days Elapsed,WPM,Days Elapsed,WPM,Days Elapsed,WPM
6,11,1,9,2,17,7,65,6,22,757,104,927,96,6,11
7,13,4,14,6,24,8,66,8,29,774,86,536,42,7,13
8,10,1,12,9,26,12,72,6,57,834,88,537,50,8,10
12,14,3,16,12,31,46,78,14,39,811,158,539,46,12,14
13,16,8,20,27,29,53,94,15,46,812,124,545,70,13,16
1,4,17,26,28,34,71,80,22,55,838,90,546,77,1,4
2,6,1,7,30,30,91,85,31,58,234,94,554,63,2,6
1,4,2,14,32,35,101,90,,,237,99,558,74,1,4
2,12,7,12,35,40,3,75,,,15,29,876,70,2,12
1,5,8,16,363,27,5,72,,,16,27,898,107,1,5
27,30,9,20,364,33,8,72,,,17,28,901,121,27,30
1,25,11,22,365,35,24,74,,,18,30,906,121,1,25
31,21,12,21,366,36,1,33,,,19,29,908,104,31,21
1,4,13,25,367,40,2,30,,,20,31,909,130,1,4
2,8,14,26,368,46,1,63,,,21,31,913,103,2,8
3,10,15,30,370,48,2,63,,,22,33,918,106,3,10
4,10,16,34,1,32,3,67,,,24,32,920,111,4,10
5,17,17,35,2,16,,,,,25,33,927,90,5,17
6,12,18,36,3,20,,,,,26,34,929,260,6,12
7,20,19,39,4,24,,,,,27,36,934,114,7,20
1,5,20,40,5,25,,,,,28,34,935,200,1,5
3,23,21,44,6,25,,,,,29,35,938,117,3,23
5,15,23,43,7,31,,,,,30,34,939,202,5,15
6,27,24,47,8,28,,,,,31,36,941,167,6,27
1,8,25,53,9,39,,,,,32,35,942,128,1,8
5,9,26,59,10,34,,,,,33,30,951,136,5,9
6,12,27,50,11,35,,,,,34,33,953,183,6,12
7,12,32,33,12,45,,,,,35,33,954,137,7,12
35,22,102,65,13,49,,,,,37,33,961,140,35,22
1,5,1,5,14,46,,,,,38,35,962,155,1,5
1,11,2,10,15,44,,,,,39,35,963,186,1,11
1,5,4,14,17,43,,,,,40,36,965,201,1,5
2,4,5,16,18,57,,,,,41,37,967,212,2,4
3,7,7,18,19,53,,,,,42,38,972,195,3,7
8,13,8,19,21,53,,,,,1068,40,973,180,8,13
9,23,9,21,22,52,,,,,638,85,984,206,9,23
1,7,12,25,23,50,,,,,,,985,150,1,7
4,14,14,28,34,53,,,,,,,988,190,4,14
5,21,15,29,39,46,,,,,,,995,155,5,21
7,17,17,30,40,58,,,,,,,996,155,7,17
8,27,18,31,62,52,,,,,,,998,215,8,27
12,21,23,34,70,49,,,,,,,1003,159,12,21
16,31,26,37,72,47,,,,,,,1004,162,16,31
1,4,28,37,73,58,,,,,,,1006,163,1,4
2,9,33,39,76,57,,,,,,,1012,163,2,9
3,21,46,40,1,3,,,,,,,1013,247,3,21
4,17,39,42,9,21,,,,,,,1014,248,4,17
8,18,44,46,16,24,,,,,,,1016,165,8,18
9,20,50,47,30,30,,,,,,,321,101,9,20
10,20,54,49,58,41,,,,,,,322,101,10,20
11,19,55,52,107,58,,,,,,,323,107,11,19
12,18,64,54,1,8,,,,,,,332,111,12,18
14,21,73,55,4,11,,,,,,,345,114,14,21
15,21,1,14,11,19,,,,,,,353,119,15,21
16,21,3,17,17,22,,,,,,,358,123,16,21
17,22,4,19,19,26,,,,,,,392,124,17,22
19,22,5,22,32,27,,,,,,,401,125,19,22
22,22,7,22,36,37,,,,,,,402,131,22,22
24,22,9,27,2,15,,,,,,,405,133,24,22
28,19,11,26,5,17,,,,,,,408,145,28,19
30,20,13,31,3,8,,,,,,,722,157,30,20
1,2,14,34,5,10,,,,,,,363,101,1,2
2,5,18,33,7,13,,,,,,,580,72,2,5
3,9,19,37,12,17,,,,,,,582,74,3,9
4,19,25,42,258,39,,,,,,,584,84,4,19
5,19,26,44,1,5,,,,,,,623,92,5,19
6,17,30,46,3,7,,,,,,,547,91,6,17
7,17,32,48,4,9,,,,,,,559,107,7,17
8,27,36,49,5,13,,,,,,,565,143,8,27
9,23,39,50,7,21,,,,,,,600,163,9,23
10,21,40,53,8,23,,,,,,,601,160,10,21
11,21,41,56,10,16,,,,,,,627,191,11,21
12,26,45,40,12,19,,,,,,,670,215,12,26
13,22,60,58,1,16,,,,,,,613,90,13,22
14,24,76,50,4,19,,,,,,,640,103,14,24
15,24,89,50,5,22,,,,,,,662,100,15,24
16,25,103,65,8,25,,,,,,,677,100,16,25
17,28,1,16,12,30,,,,,,,,,17,28
18,30,2,34,19,33,,,,,,,,,18,30
1,6,3,37,23,36,,,,,,,,,1,6
1,6,4,55,29,40,,,,,,,,,1,6
2,6,15,31,40,41,,,,,,,,,2,6
3,9,35,46,52,42,,,,,,,,,3,9
4,10,40,50,225,70,,,,,,,,,4,10
7,16,41,55,2,10,,,,,,,,,7,16
9,19,49,64,5,9,,,,,,,,,9,19
10,21,1,8,6,9,,,,,,,,,10,21
18,28,2,12,10,16,,,,,,,,,18,28
23,32,3,9,17,21,,,,,,,,,23,32
29,35,4,13,24,18,,,,,,,,,29,35
36,37,5,17,44,30,,,,,,,,,36,37
37,42,6,20,51,32,,,,,,,,,37,42
1,2,25,17,32,10,,,,,,,,,1,2
1,8,7,26,33,5,,,,,,,,,1,8
2,14,9,30,37,7,,,,,,,,,2,14
3,15,12,40,39,8,,,,,,,,,3,15
4,18,41,50,41,10,,,,,,,,,4,18
5,17,53,56,42,13,,,,,,,,,5,17
7,16,69,59,46,16,,,,,,,,,7,16
8,19,73,66,50,20,,,,,,,,,8,19
9,31,79,57,52,23,,,,,,,,,9,31
11,46,95,23,64,22,,,,,,,,,11,46
16,39,168,73,73,24,,,,,,,,,16,39
21,48,195,74,86,23,,,,,,,,,21,48
1,6,224,76,93,26,,,,,,,,,1,6
3,9,232,84,96,27,,,,,,,,,3,9
4,9,1,5,100,30,,,,,,,,,4,9
6,22,2,27,105,29,,,,,,,,,6,22
1,6,3,17,106,29,,,,,,,,,1,6
2,11,6,29,107,34,,,,,,,,,2,11
3,24,2,9,108,32,,,,,,,,,3,24
4,21,3,18,109,30,,,,,,,,,4,21
5,23,4,21,112,36,,,,,,,,,5,23
6,24,5,23,122,41,,,,,,,,,6,24
1,9,6,25,125,37,,,,,,,,,1,9
3,9,9,26,146,40,,,,,,,,,3,9
4,16,10,29,148,41,,,,,,,,,4,16
1,4,14,18,2,7,,,,,,,,,1,4
2,18,19,20,3,8,,,,,,,,,2,18
3,28,23,25,5,11,,,,,,,,,3,28
9,47,1,11,6,12,,,,,,,,,9,47
11,40,2,15,7,11,,,,,,,,,11,40
14,50,3,20,11,19,,,,,,,,,14,50
1,7,6,26,13,19,,,,,,,,,1,7
2,15,1,8,17,22,,,,,,,,,2,15
7,15,5,16,37,34,,,,,,,,,7,15
18,11,18,6,38,30,,,,,,,,,18,11
19,20,20,9,53,39,,,,,,,,,19,20
26,17,23,10,99,40,,,,,,,,,26,17
27,21,26,13,124,43,,,,,,,,,27,21
13,32,29,12,224,48,,,,,,,,,13,32
14,36,545,17,1,8,,,,,,,,,14,36
1,5,547,23,1,25,,,,,,,,,1,5
2,14,1,18,4,31,,,,,,,,,2,14
8,13,2,16,8,38,,,,,,,,,8,13
29,30,4,20,13,42,,,,,,,,,29,30
30,31,7,27,19,39,,,,,,,,,30,31
31,32,8,31,20,47,,,,,,,,,31,32
33,34,9,38,24,52,,,,,,,,,33,34
34,36,12,39,34,56,,,,,,,,,34,36
48,40,13,37,37,64,,,,,,,,,48,40
3,6,15,54,47,84,,,,,,,,,3,6
8,27,17,55,51,75,,,,,,,,,8,27
15,34,18,42,61,68,,,,,,,,,15,34
23,38,19,41,62,77,,,,,,,,,23,38
36,46,20,61,68,80,,,,,,,,,36,46
1,4,21,50,71,100,,,,,,,,,1,4
2,6,22,52,82,89,,,,,,,,,2,6
3,15,27,47,85,94,,,,,,,,,3,15
4,22,44,65,89,100,,,,,,,,,4,22
5,23,97,71,97,139,,,,,,,,,5,23
6,18,172,87,138,105,,,,,,,,,6,18
7,26,5,16,139,142,,,,,,,,,7,26
9,16,6,16,142,151,,,,,,,,,9,16
10,15,7,20,147,109,,,,,,,,,10,15
11,23,8,25,152,159,,,,,,,,,11,23
12,25,9,30,159,173,,,,,,,,,12,25
13,28,10,30,166,183,,,,,,,,,13,28
16,30,11,35,174,136,,,,,,,,,16,30
17,35,12,35,177,193,,,,,,,,,17,35
18,24,13,47,180,214,,,,,,,,,18,24
19,28,15,42,181,151,,,,,,,,,19,28
21,42,30,37,188,152,,,,,,,,,21,42
22,46,32,45,267,165,,,,,,,,,22,46
24,39,33,40,286,228,,,,,,,,,24,39
25,29,35,50,299,230,,,,,,,,,25,29
26,43,38,58,307,182,,,,,,,,,26,43
32,59,42,60,317,237,,,,,,,,,32,59
37,65,44,50,341,239,,,,,,,,,37,65
56,76,47,53,379,243,,,,,,,,,56,76
57,81,50,71,384,249,,,,,,,,,57,81
58,96,51,57,385,252,,,,,,,,,58,96
1,7,55,53,404,261,,,,,,,,,1,7
2,15,62,73,407,204,,,,,,,,,2,15
3,19,1,11,1,14,,,,,,,,,3,19
5,22,3,16,2,20,,,,,,,,,5,22
6,19,4,15,4,21,,,,,,,,,6,19
10,25,15,23,6,11,,,,,,,,,10,25
11,17,25,25,9,19,,,,,,,,,11,17
15,21,26,28,2,10,,,,,,,,,15,21
17,17,32,48,5,11,,,,,,,,,17,17
19,21,33,31,6,16,,,,,,,,,19,21
20,22,37,47,8,18,,,,,,,,,20,22
21,22,53,56,9,24,,,,,,,,,21,22
22,27,61,118,10,19,,,,,,,,,22,27
24,24,1,10,12,19,,,,,,,,,24,24
25,24,2,9,13,22,,,,,,,,,25,24
26,26,3,14,14,23,,,,,,,,,26,26
27,25,4,16,15,25,,,,,,,,,27,25
29,31,5,13,18,27,,,,,,,,,29,31
30,22,6,15,21,30,,,,,,,,,30,22
31,36,13,18,23,28,,,,,,,,,31,36
33,25,16,13,28,25,,,,,,,,,33,25
34,26,18,20,1,20,,,,,,,,,34,26
36,27,20,20,2,24,,,,,,,,,36,27
37,28,22,22,3,28,,,,,,,,,37,28
38,28,23,23,4,29,,,,,,,,,38,28
40,33,24,29,5,34,,,,,,,,,40,33
41,30,29,28,6,17,,,,,,,,,41,30
43,33,32,30,7,37,,,,,,,,,43,33
44,29,38,19,8,21,,,,,,,,,44,29
46,32,43,25,9,31,,,,,,,,,46,32
47,32,44,29,10,24,,,,,,,,,47,32
49,33,47,32,11,26,,,,,,,,,49,33
51,31,49,33,12,26,,,,,,,,,51,31
59,30,103,26,13,29,,,,,,,,,59,30
60,32,119,30,14,23,,,,,,,,,60,32
61,33,1,11,15,32,,,,,,,,,61,33
62,26,10,21,17,28,,,,,,,,,62,26
64,36,57,74,18,31,,,,,,,,,64,36
67,37,76,50,19,30,,,,,,,,,67,37
69,31,79,70,21,34,,,,,,,,,69,31
78,38,82,92,22,36,,,,,,,,,78,38
79,38,99,90,24,30,,,,,,,,,79,38
83,32,133,128,25,37,,,,,,,,,83,32
84,41,135,101,27,34,,,,,,,,,84,41
1,46,140,81,29,38,,,,,,,,,1,46
2,76,159,119,31,38,,,,,,,,,2,76
7,21,160,88,32,46,,,,,,,,,7,21
11,32,196,155,33,36,,,,,,,,,11,32
159,45,210,85,35,38,,,,,,,,,159,45
200,46,94,100,37,38,,,,,,,,,200,46
202,40,1,14,41,40,,,,,,,,,202,40
204,54,2,23,42,44,,,,,,,,,204,54
205,48,3,31,44,49,,,,,,,,,205,48
207,50,4,36,49,51,,,,,,,,,207,50
209,56,5,37,50,52,,,,,,,,,209,56
210,57,9,16,51,52,,,,,,,,,210,57
212,51,62,33,54,30,,,,,,,,,212,51
214,59,1,31,59,44,,,,,,,,,214,59
1,4,2,14,103,37,,,,,,,,,1,4
2,4,3,13,2,35,,,,,,,,,2,4
3,7,4,15,3,48,,,,,,,,,3,7
4,10,5,19,7,48,,,,,,,,,4,10
5,12,6,20,12,50,,,,,,,,,5,12
6,13,7,24,5,14,,,,,,,,,6,13
7,27,8,27,7,19,,,,,,,,,7,27
8,30,9,30,25,37,,,,,,,,,8,30
21,40,10,31,26,39,,,,,,,,,21,40
28,45,11,33,27,38,,,,,,,,,28,45
35,45,12,35,30,40,,,,,,,,,35,45
42,50,13,35,31,39,,,,,,,,,42,50
49,55,14,38,32,41,,,,,,,,,49,55
56,65,15,39,34,40,,,,,,,,,56,65
63,70,16,41,35,41,,,,,,,,,63,70
70,70,17,44,36,43,,,,,,,,,70,70
98,75,18,45,37,42,,,,,,,,,98,75
105,75,19,46,38,43,,,,,,,,,105,75
112,80,20,49,39,44,,,,,,,,,112,80
147,80,21,49,40,43,,,,,,,,,147,80
154,80,22,50,42,42,,,,,,,,,154,80
335,268,23,53,43,42,,,,,,,,,335,268
1,5,25,52,45,44,,,,,,,,,1,5
2,4,26,49,46,50,,,,,,,,,2,4
3,8,27,54,47,50,,,,,,,,,3,8
5,15,28,55,48,49,,,,,,,,,5,15
6,19,39,55,49,47,,,,,,,,,6,19
7,25,1,20,50,47,,,,,,,,,7,25
21,27,2,20,52,48,,,,,,,,,21,27
65,30,6,20,56,49,,,,,,,,,65,30
77,39,2,10,57,46,,,,,,,,,77,39
31,33,3,16,58,51,,,,,,,,,31,33
119,54,5,19,63,50,,,,,,,,,119,54
1,3,1,12,64,52,,,,,,,,,1,3
2,6,2,20,65,52,,,,,,,,,2,6
6,13,3,26,66,53,,,,,,,,,6,13
8,15,84,48,67,53,,,,,,,,,8,15
12,23,90,58,69,53,,,,,,,,,12,23
24,38,1,16,70,54,,,,,,,,,24,38
55,35,2,28,71,54,,,,,,,,,55,35
57,26,3,31,73,50,,,,,,,,,57,26
122,39,4,15,76,52,,,,,,,,,122,39
126,39,5,32,77,54,,,,,,,,,126,39
128,54,6,35,78,53,,,,,,,,,128,54
131,55,11,32,82,52,,,,,,,,,131,55
133,53,12,33,83,54,,,,,,,,,133,53
134,41,13,13,85,55,,,,,,,,,134,41
136,47,19,18,86,52,,,,,,,,,136,47
139,62,22,37,92,63,,,,,,,,,139,62
3,20,23,40,95,55,,,,,,,,,3,20
14,30,24,29,99,59,,,,,,,,,14,30
19,40,26,44,105,65,,,,,,,,,19,40
31,50,27,51,107,59,,,,,,,,,31,50
1,8,30,51,129,65,,,,,,,,,1,8
2,13,34,40,132,62,,,,,,,,,2,13
3,13,36,58,142,65,,,,,,,,,3,13
7,21,1,7,162,65,,,,,,,,,7,21
9,33,3,13,233,70,,,,,,,,,9,33
10,41,7,24,,,,,,,,,,,10,41
11,29,55,38,,,,,,,,,,,11,29
12,45,152,50,,,,,,,,,,,12,45
13,50,250,50,,,,,,,,,,,13,50
14,71,1,24,,,,,,,,,,,14,71
1,9,2,11,,,,,,,,,,,1,9
2,18,3,16,,,,,,,,,,,2,18
8,26,4,20,,,,,,,,,,,8,26
11,34,7,26,,,,,,,,,,,11,34
15,37,15,44,,,,,,,,,,,15,37
18,42,17,32,,,,,,,,,,,18,42
21,42,18,28,,,,,,,,,,,21,42
28,46,21,37,,,,,,,,,,,28,46
35,52,22,41,,,,,,,,,,,35,52
37,54,23,40,,,,,,,,,,,37,54
42,59,24,45,,,,,,,,,,,42,59
49,59,30,47,,,,,,,,,,,49,59
53,60,36,28,,,,,,,,,,,53,60
56,60,46,59,,,,,,,,,,,56,60
59,65,50,62,,,,,,,,,,,59,65
64,65,64,70,,,,,,,,,,,64,65
71,65,77,76,,,,,,,,,,,71,65
78,66,6,18,,,,,,,,,,,78,66
79,70,8,18,,,,,,,,,,,79,70
86,70,9,20,,,,,,,,,,,86,70
93,85,10,25,,,,,,,,,,,93,85
100,89,11,21,,,,,,,,,,,100,89
107,103,13,23,,,,,,,,,,,107,103
114,103,16,26,,,,,,,,,,,114,103
121,116,17,27,,,,,,,,,,,121,116
129,130,18,28,,,,,,,,,,,129,130
1,21,21,30,,,,,,,,,,,1,21
2,32,22,25,,,,,,,,,,,2,32
4,32,29,36,,,,,,,,,,,4,32
6,34,38,40,,,,,,,,,,,6,34
8,35,122,35,,,,,,,,,,,8,35
24,83,123,50,,,,,,,,,,,24,83
114,90,124,58,,,,,,,,,,,114,90
1,3,160,43,,,,,,,,,,,1,3
3,6,176,35,,,,,,,,,,,3,6
4,9,250,31,,,,,,,,,,,4,9
5,8,283,40,,,,,,,,,,,5,8
8,10,292,56,,,,,,,,,,,8,10
19,10,301,46,,,,,,,,,,,19,10
26,12,305,43,,,,,,,,,,,26,12
27,11,307,47,,,,,,,,,,,27,11
30,10,308,64,,,,,,,,,,,30,10
32,12,309,46,,,,,,,,,,,32,12
34,4,310,47,,,,,,,,,,,34,4
83,9,314,49,,,,,,,,,,,83,9
84,7,315,49,,,,,,,,,,,84,7
85,8,339,51,,,,,,,,,,,85,8
87,7,340,50,,,,,,,,,,,87,7
88,17,370,70,,,,,,,,,,,88,17
11,25,453,59,,,,,,,,,,,11,25
19,40,2,15,,,,,,,,,,,19,40
31,48,10,22,,,,,,,,,,,31,48
43,52,26,27,,,,,,,,,,,43,52
49,57,29,30,,,,,,,,,,,49,57
78,67,30,40,,,,,,,,,,,78,67
95,70,45,34,,,,,,,,,,,95,70
61,41,1,14,,,,,,,,,,,61,41
70,45,2,20,,,,,,,,,,,70,45
87,35,3,12,,,,,,,,,,,87,35
90,40,5,12,,,,,,,,,,,90,40
91,44,6,27,,,,,,,,,,,91,44
92,52,9,18,,,,,,,,,,,92,52
101,56,10,37,,,,,,,,,,,101,56
110,61,12,17,,,,,,,,,,,110,61
1,15,1,17,,,,,,,,,,,1,15
3,16,3,21,,,,,,,,,,,3,16
4,22,15,23,,,,,,,,,,,4,22
5,23,1,20,,,,,,,,,,,5,23
9,31,14,15,,,,,,,,,,,9,31
10,25,4,20,,,,,,,,,,,10,25
11,29,7,42,,,,,,,,,,,11,29
12,30,9,60,,,,,,,,,,,12,30
16,32,11,50,,,,,,,,,,,16,32
19,23,13,71,,,,,,,,,,,19,23
20,19,14,75,,,,,,,,,,,20,19
21,28,19,78,,,,,,,,,,,21,28
23,35,25,63,,,,,,,,,,,23,35
26,25,28,83,,,,,,,,,,,26,25
6,17,33,90,,,,,,,,,,,6,17
1,5,35,96,,,,,,,,,,,1,5
2,9,37,99,,,,,,,,,,,2,9
4,17,38,106,,,,,,,,,,,4,17
7,22,46,59,,,,,,,,,,,7,22
8,16,47,84,,,,,,,,,,,8,16
9,26,61,106,,,,,,,,,,,9,26
1,4,65,108,,,,,,,,,,,1,4
4,3,66,115,,,,,,,,,,,4,3
5,15,70,117,,,,,,,,,,,5,15
6,35,81,119,,,,,,,,,,,6,35
7,44,83,122,,,,,,,,,,,7,44
1,5,84,124,,,,,,,,,,,1,5
2,11,95,118,,,,,,,,,,,2,11
3,14,97,126,,,,,,,,,,,3,14
5,24,102,130,,,,,,,,,,,5,24
7,31,109,145,,,,,,,,,,,7,31
8,10,139,152,,,,,,,,,,,8,10
9,22,2,13,,,,,,,,,,,9,22
11,34,1,14,,,,,,,,,,,11,34
12,28,2,18,,,,,,,,,,,12,28
13,24,3,25,,,,,,,,,,,13,24
1,12,4,30,,,,,,,,,,,1,12
3,18,5,33,,,,,,,,,,,3,18
1,5,11,36,,,,,,,,,,,1,5
2,10,13,42,,,,,,,,,,,2,10
3,8,21,50,,,,,,,,,,,3,8
4,12,35,50,,,,,,,,,,,4,12
5,17,46,47,,,,,,,,,,,5,17
6,15,14,22,,,,,,,,,,,6,15
7,20,2,14,,,,,,,,,,,7,20
8,15,3,23,,,,,,,,,,,8,15
9,27,4,27,,,,,,,,,,,9,27
10,23,5,19,,,,,,,,,,,10,23
3,7,6,20,,,,,,,,,,,3,7
4,17,7,15,,,,,,,,,,,4,17
4,16,8,22,,,,,,,,,,,4,16
8,23,9,19,,,,,,,,,,,8,23
12,25,10,20,,,,,,,,,,,12,25
22,27,11,23,,,,,,,,,,,22,27
35,14,12,24,,,,,,,,,,,35,14
37,18,13,27,,,,,,,,,,,37,18
45,13,16,27,,,,,,,,,,,45,13
52,14,17,27,,,,,,,,,,,52,14
102,18,18,27,,,,,,,,,,,102,18
107,17,19,31,,,,,,,,,,,107,17
116,25,20,32,,,,,,,,,,,116,25
1,4,21,36,,,,,,,,,,,1,4
2,16,24,37,,,,,,,,,,,2,16
4,29,27,36,,,,,,,,,,,4,29
5,12,28,36,,,,,,,,,,,5,12
6,21,31,37,,,,,,,,,,,6,21
7,22,32,38,,,,,,,,,,,7,22
8,17,33,37,,,,,,,,,,,8,17
9,17,34,38,,,,,,,,,,,9,17
11,20,42,41,,,,,,,,,,,11,20
1,14,43,42,,,,,,,,,,,1,14
2,16,44,43,,,,,,,,,,,2,16
3,16,45,42,,,,,,,,,,,3,16
4,18,47,43,,,,,,,,,,,4,18
5,26,48,41,,,,,,,,,,,5,26
6,19,54,47,,,,,,,,,,,6,19
7,15,55,44,,,,,,,,,,,7,15
8,22,56,47,,,,,,,,,,,8,22
10,21,57,46,,,,,,,,,,,10,21
12,27,58,49,,,,,,,,,,,12,27
13,25,59,49,,,,,,,,,,,13,25
14,26,61,50,,,,,,,,,,,14,26
15,22,62,51,,,,,,,,,,,15,22
16,23,65,52,,,,,,,,,,,16,23
17,28,66,53,,,,,,,,,,,17,28
21,32,67,53,,,,,,,,,,,21,32
22,32,72,51,,,,,,,,,,,22,32
23,36,74,54,,,,,,,,,,,23,36
24,36,75,55,,,,,,,,,,,24,36
25,33,76,54,,,,,,,,,,,25,33
26,36,77,55,,,,,,,,,,,26,36
27,38,79,58,,,,,,,,,,,27,38
28,35,80,57,,,,,,,,,,,28,35
30,31,83,58,,,,,,,,,,,30,31
31,36,85,51,,,,,,,,,,,31,36
32,35,87,57,,,,,,,,,,,32,35
33,36,89,52,,,,,,,,,,,33,36
35,31,91,57,,,,,,,,,,,35,31
37,40,93,60,,,,,,,,,,,37,40
38,36,95,58,,,,,,,,,,,38,36
39,38,96,60,,,,,,,,,,,39,38
40,39,98,60,,,,,,,,,,,40,39
41,40,99,61,,,,,,,,,,,41,40
43,34,102,57,,,,,,,,,,,43,34
45,34,104,57,,,,,,,,,,,45,34
49,37,105,59,,,,,,,,,,,49,37
52,38,108,63,,,,,,,,,,,52,38
53,43,110,63,,,,,,,,,,,53,43
55,32,111,63,,,,,,,,,,,55,32
57,34,113,64,,,,,,,,,,,57,34
60,35,114,62,,,,,,,,,,,60,35
62,42,115,64,,,,,,,,,,,62,42
63,38,117,61,,,,,,,,,,,63,38
65,42,118,62,,,,,,,,,,,65,42
66,46,120,64,,,,,,,,,,,66,46
67,43,122,64,,,,,,,,,,,67,43
68,45,128,63,,,,,,,,,,,68,45
69,39,129,67,,,,,,,,,,,69,39
72,40,130,67,,,,,,,,,,,72,40
73,45,133,67,,,,,,,,,,,73,45
77,38,135,67,,,,,,,,,,,77,38
79,38,138,64,,,,,,,,,,,79,38
81,50,141,63,,,,,,,,,,,81,50
84,44,146,65,,,,,,,,,,,84,44
87,49,147,66,,,,,,,,,,,87,49
88,39,150,63,,,,,,,,,,,88,39
91,53,151,66,,,,,,,,,,,91,53
97,43,152,69,,,,,,,,,,,97,43
99,52,157,68,,,,,,,,,,,99,52
101,56,158,69,,,,,,,,,,,101,56
103,45,167,66,,,,,,,,,,,103,45
104,50,168,66,,,,,,,,,,,104,50
105,58,174,69,,,,,,,,,,,105,58
106,50,175,71,,,,,,,,,,,106,50
108,55,177,69,,,,,,,,,,,108,55
111,46,178,69,,,,,,,,,,,111,46
114,51,183,71,,,,,,,,,,,114,51
116,52,185,72,,,,,,,,,,,116,52
117,51,189,75,,,,,,,,,,,117,51
118,50,192,73,,,,,,,,,,,118,50
119,50,193,70,,,,,,,,,,,119,50
126,57,195,72,,,,,,,,,,,126,57
129,52,196,71,,,,,,,,,,,129,52
130,38,200,74,,,,,,,,,,,130,38
131,43,201,73,,,,,,,,,,,131,43
134,55,202,72,,,,,,,,,,,134,55
135,53,205,73,,,,,,,,,,,135,53
142,63,206,69,,,,,,,,,,,142,63
144,60,207,75,,,,,,,,,,,144,60
146,48,208,72,,,,,,,,,,,146,48
152,55,209,75,,,,,,,,,,,152,55
156,63,213,75,,,,,,,,,,,156,63
161,55,216,76,,,,,,,,,,,161,55
194,55,220,78,,,,,,,,,,,194,55
195,64,222,78,,,,,,,,,,,195,64
196,54,223,75,,,,,,,,,,,196,54
198,55,226,78,,,,,,,,,,,198,55
203,57,268,71,,,,,,,,,,,203,57
1061,53,269,75,,,,,,,,,,,1061,53
1,5,271,76,,,,,,,,,,,1,5
2,11,275,73,,,,,,,,,,,2,11
4,11,285,77,,,,,,,,,,,4,11
5,16,300,78,,,,,,,,,,,5,16
6,21,303,77,,,,,,,,,,,6,21
14,27,305,75,,,,,,,,,,,14,27
1,3,306,74,,,,,,,,,,,1,3
2,5,309,74,,,,,,,,,,,2,5
3,8,311,73,,,,,,,,,,,3,8
4,7,313,77,,,,,,,,,,,4,7
5,7,341,75,,,,,,,,,,,5,7
8,11,388,73,,,,,,,,,,,8,11
10,11,391,80,,,,,,,,,,,10,11
11,10,397,80,,,,,,,,,,,11,10
12,20,1,16,,,,,,,,,,,12,20
13,15,1,17,,,,,,,,,,,13,15
15,22,2,26,,,,,,,,,,,15,22
20,27,3,30,,,,,,,,,,,20,27
22,34,4,35,,,,,,,,,,,22,34
23,21,5,26,,,,,,,,,,,23,21
7,32,6,31,,,,,,,,,,,7,32
8,34,7,32,,,,,,,,,,,8,34
12,40,8,26,,,,,,,,,,,12,40
13,43,9,29,,,,,,,,,,,13,43
14,45,10,29,,,,,,,,,,,14,45
20,49,12,32,,,,,,,,,,,20,49
29,57,14,26,,,,,,,,,,,29,57
1,16,15,27,,,,,,,,,,,1,16
2,16,1,11,,,,,,,,,,,2,16
3,17,1,10,,,,,,,,,,,3,17
5,17,9,20,,,,,,,,,,,5,17
7,23,21,22,,,,,,,,,,,7,23
11,17,58,30,,,,,,,,,,,11,17
13,22,1,12,,,,,,,,,,,13,22
37,34,1,18,,,,,,,,,,,37,34
55,47,2,24,,,,,,,,,,,55,47
72,54,4,19,,,,,,,,,,,72,54
1,9,5,20,,,,,,,,,,,1,9
2,20,7,20,,,,,,,,,,,2,20
5,32,59,20,,,,,,,,,,,5,32
6,26,64,20,,,,,,,,,,,6,26
7,40,202,29,,,,,,,,,,,7,40
8,43,203,23,,,,,,,,,,,8,43
9,55,4,15,,,,,,,,,,,9,55
11,50,5,17,,,,,,,,,,,11,50
12,51,6,24,,,,,,,,,,,12,51
16,68,7,25,,,,,,,,,,,16,68
24,60,8,28,,,,,,,,,,,24,60
31,84,10,30,,,,,,,,,,,31,84
32,62,11,36,,,,,,,,,,,32,62
36,101,15,36,,,,,,,,,,,36,101
38,78,17,40,,,,,,,,,,,38,78
40,115,23,41,,,,,,,,,,,40,115
42,117,24,43,,,,,,,,,,,42,117
43,125,25,45,,,,,,,,,,,43,125
44,130,58,48,,,,,,,,,,,44,130
45,140,61,50,,,,,,,,,,,45,140
51,161,62,51,,,,,,,,,,,51,161
52,84,2,15,,,,,,,,,,,52,84
53,156,31,40,,,,,,,,,,,53,156
2,13,59,60,,,,,,,,,,,2,13
3,12,1,15,,,,,,,,,,,3,12
5,22,1,12,,,,,,,,,,,5,22
12,23,2,16,,,,,,,,,,,12,23
1,6,3,31,,,,,,,,,,,1,6
3,4,4,37,,,,,,,,,,,3,4
4,10,6,44,,,,,,,,,,,4,10
5,22,8,48,,,,,,,,,,,5,22
7,25,10,39,,,,,,,,,,,7,25
8,22,16,40,,,,,,,,,,,8,22
9,19,22,46,,,,,,,,,,,9,19
11,19,244,70,,,,,,,,,,,11,19
1,6,1,5,,,,,,,,,,,1,6
3,16,11,10,,,,,,,,,,,3,16
5,16,1,10,,,,,,,,,,,5,16
6,17,3,15,,,,,,,,,,,6,17
8,18,5,20,,,,,,,,,,,8,18
13,10,6,24,,,,,,,,,,,13,10
3,12,7,25,,,,,,,,,,,3,12
221,62,8,28,,,,,,,,,,,221,62
235,70,9,32,,,,,,,,,,,235,70
241,154,10,33,,,,,,,,,,,241,154
1,23,15,36,,,,,,,,,,,1,23
1,3,18,36,,,,,,,,,,,1,3
2,10,31,40,,,,,,,,,,,2,10
6,25,3,10,,,,,,,,,,,6,25
7,31,6,21,,,,,,,,,,,7,31
8,35,7,24,,,,,,,,,,,8,35
11,42,8,31,,,,,,,,,,,11,42
15,76,11,33,,,,,,,,,,,15,76
16,82,12,32,,,,,,,,,,,16,82
17,114,13,37,,,,,,,,,,,17,114
20,132,15,42,,,,,,,,,,,20,132
384,87,16,42,,,,,,,,,,,384,87
407,164,17,43,,,,,,,,,,,407,164
410,96,18,45,,,,,,,,,,,410,96
411,103,19,50,,,,,,,,,,,411,103
412,91,20,74,,,,,,,,,,,412,91
423,92,21,84,,,,,,,,,,,423,92
424,164,22,95,,,,,,,,,,,424,164
430,92,24,98,,,,,,,,,,,430,92
431,104,25,104,,,,,,,,,,,431,104
445,180,27,115,,,,,,,,,,,445,180
461,195,28,136,,,,,,,,,,,461,195
560,200,29,122,,,,,,,,,,,560,200
2,12,32,134,,,,,,,,,,,2,12
7,14,34,142,,,,,,,,,,,7,14
8,38,35,157,,,,,,,,,,,8,38
5,12,46,167,,,,,,,,,,,5,12
7,22,47,179,,,,,,,,,,,7,22
56,30,53,188,,,,,,,,,,,56,30
3,14,58,203,,,,,,,,,,,3,14
10,21,62,205,,,,,,,,,,,10,21
7,14,63,219,,,,,,,,,,,7,14
14,20,68,228,,,,,,,,,,,14,20
21,25,79,244,,,,,,,,,,,21,25
28,27,85,252,,,,,,,,,,,28,27
8,5,148,257,,,,,,,,,,,8,5
1,8,158,269,,,,,,,,,,,1,8
2,14,160,273,,,,,,,,,,,2,14
3,14,161,277,,,,,,,,,,,3,14
4,17,167,285,,,,,,,,,,,4,17
5,21,179,289,,,,,,,,,,,5,21
6,22,192,307,,,,,,,,,,,6,22
7,22,1,3,,,,,,,,,,,7,22
8,23,3,12,,,,,,,,,,,8,23
9,25,1,9,,,,,,,,,,,9,25
10,26,2,10,,,,,,,,,,,10,26
12,26,3,11,,,,,,,,,,,12,26
13,27,4,15,,,,,,,,,,,13,27
14,28,5,16,,,,,,,,,,,14,28
16,31,8,20,,,,,,,,,,,16,31
17,30,9,21,,,,,,,,,,,17,30
18,35,11,23,,,,,,,,,,,18,35
19,37,16,24,,,,,,,,,,,19,37
20,40,22,22,,,,,,,,,,,20,40
21,39,23,24,,,,,,,,,,,21,39
23,40,25,29,,,,,,,,,,,23,40
24,42,27,29,,,,,,,,,,,24,42
25,43,28,31,,,,,,,,,,,25,43
26,45,29,32,,,,,,,,,,,26,45
27,45,30,32,,,,,,,,,,,27,45
31,45,31,35,,,,,,,,,,,31,45
32,46,32,34,,,,,,,,,,,32,46
33,46,34,39,,,,,,,,,,,33,46
34,51,35,40,,,,,,,,,,,34,51
35,51,36,37,,,,,,,,,,,35,51
37,53,39,42,,,,,,,,,,,37,53
40,55,40,31,,,,,,,,,,,40,55
41,57,42,45,,,,,,,,,,,41,57
37,26,47,49,,,,,,,,,,,37,26
62,30,2,6,,,,,,,,,,,62,30
63,30,4,8,,,,,,,,,,,63,30
64,36,6,11,,,,,,,,,,,64,36
65,35,8,14,,,,,,,,,,,65,35
70,32,2,14,,,,,,,,,,,70,32
72,33,11,30,,,,,,,,,,,72,33
1,6,30,55,,,,,,,,,,,1,6
3,16,2,15,,,,,,,,,,,3,16
5,18,1,14,,,,,,,,,,,5,18
6,17,2,21,,,,,,,,,,,6,17
8,22,3,16,,,,,,,,,,,8,22
3,20,4,19,,,,,,,,,,,3,20
7,10,5,30,,,,,,,,,,,7,10
10,18,6,32,,,,,,,,,,,10,18
24,22,7,35,,,,,,,,,,,24,22
32,24,8,41,,,,,,,,,,,32,24
33,24,12,43,,,,,,,,,,,33,24
55,25,14,46,,,,,,,,,,,55,25
1,16,15,49,,,,,,,,,,,1,16
2,18,16,54,,,,,,,,,,,2,18
3,21,,,,,,,,,,,,,3,21
5,27,,,,,,,,,,,,,5,27
6,33,,,,,,,,,,,,,6,33
7,27,,,,,,,,,,,,,7,27
8,27,,,,,,,,,,,,,8,27
13,36,,,,,,,,,,,,,13,36
44,28,,,,,,,,,,,,,44,28
65,34,,,,,,,,,,,,,65,34
66,36,,,,,,,,,,,,,66,36
69,38,,,,,,,,,,,,,69,38
76,40,,,,,,,,,,,,,76,40
1,17,,,,,,,,,,,,,1,17
3,10,,,,,,,,,,,,,3,10
5,22,,,,,,,,,,,,,5,22
1,8,,,,,,,,,,,,,1,8
2,14,,,,,,,,,,,,,2,14
1,11,,,,,,,,,,,,,1,11
1,15,,,,,,,,,,,,,1,15
1,14,,,,,,,,,,,,,1,14
3,19,,,,,,,,,,,,,3,19
3,16,,,,,,,,,,,,,3,16
11,21,,,,,,,,,,,,,11,21
14,21,,,,,,,,,,,,,14,21
168,70,,,,,,,,,,,,,168,70
1,10,,,,,,,,,,,,,1,10
2,12,,,,,,,,,,,,,2,12
1,5,,,,,,,,,,,,,1,5
2,11,,,,,,,,,,,,,2,11
3,20,,,,,,,,,,,,,3,20
12,10,,,,,,,,,,,,,12,10
14,18,,,,,,,,,,,,,14,18
2,12,,,,,,,,,,,,,2,12
3,13,,,,,,,,,,,,,3,13
1,4,,,,,,,,,,,,,1,4
2,24,,,,,,,,,,,,,2,24
3,29,,,,,,,,,,,,,3,29
1,5,,,,,,,,,,,,,1,5
4,7,,,,,,,,,,,,,4,7
6,12,,,,,,,,,,,,,6,12
10,15,,,,,,,,,,,,,10,15
13,16,,,,,,,,,,,,,13,16
20,12,,,,,,,,,,,,,20,12
22,18,,,,,,,,,,,,,22,18
23,16,,,,,,,,,,,,,23,16
24,4,,,,,,,,,,,,,24,4
25,18,,,,,,,,,,,,,25,18
27,18,,,,,,,,,,,,,27,18
28,17,,,,,,,,,,,,,28,17
29,16,,,,,,,,,,,,,29,16
30,19,,,,,,,,,,,,,30,19
31,18,,,,,,,,,,,,,31,18
32,21,,,,,,,,,,,,,32,21
33,19,,,,,,,,,,,,,33,19
35,20,,,,,,,,,,,,,35,20
36,20,,,,,,,,,,,,,36,20
37,20,,,,,,,,,,,,,37,20
38,22,,,,,,,,,,,,,38,22
39,22,,,,,,,,,,,,,39,22
41,26,,,,,,,,,,,,,41,26
43,21,,,,,,,,,,,,,43,21
46,27,,,,,,,,,,,,,46,27
52,27,,,,,,,,,,,,,52,27
53,27,,,,,,,,,,,,,53,27
54,27,,,,,,,,,,,,,54,27
55,28,,,,,,,,,,,,,55,28
57,34,,,,,,,,,,,,,57,34
58,28,,,,,,,,,,,,,58,28
59,27,,,,,,,,,,,,,59,27
60,28,,,,,,,,,,,,,60,28
61,31,,,,,,,,,,,,,61,31
62,31,,,,,,,,,,,,,62,31
66,38,,,,,,,,,,,,,66,38
67,48,,,,,,,,,,,,,67,48
70,30,,,,,,,,,,,,,70,30
71,32,,,,,,,,,,,,,71,32
72,34,,,,,,,,,,,,,72,34
73,37,,,,,,,,,,,,,73,37
75,36,,,,,,,,,,,,,75,36
77,35,,,,,,,,,,,,,77,35
78,37,,,,,,,,,,,,,78,37
79,31,,,,,,,,,,,,,79,31
80,35,,,,,,,,,,,,,80,35
81,42,,,,,,,,,,,,,81,42
87,38,,,,,,,,,,,,,87,38
89,43,,,,,,,,,,,,,89,43
98,36,,,,,,,,,,,,,98,36
1,23,,,,,,,,,,,,,1,23
2,34,,,,,,,,,,,,,2,34
4,19,,,,,,,,,,,,,4,19
6,16,,,,,,,,,,,,,6,16
7,26,,,,,,,,,,,,,7,26
10,30,,,,,,,,,,,,,10,30
1,15,,,,,,,,,,,,,1,15
4,22,,,,,,,,,,,,,4,22
31,25,,,,,,,,,,,,,31,25
33,41,,,,,,,,,,,,,33,41
34,33,,,,,,,,,,,,,34,33
51,36,,,,,,,,,,,,,51,36
52,44,,,,,,,,,,,,,52,44
67,42,,,,,,,,,,,,,67,42
69,37,,,,,,,,,,,,,69,37
79,40,,,,,,,,,,,,,79,40
80,50,,,,,,,,,,,,,80,50
582,40,,,,,,,,,,,,,582,40
1,21,,,,,,,,,,,,,1,21
3,40,,,,,,,,,,,,,3,40
14,39,,,,,,,,,,,,,14,39
16,50,,,,,,,,,,,,,16,50
17,45,,,,,,,,,,,,,17,45
22,40,,,,,,,,,,,,,22,40
23,40,,,,,,,,,,,,,23,40
24,40,,,,,,,,,,,,,24,40
25,45,,,,,,,,,,,,,25,45
1,4,,,,,,,,,,,,,1,4
2,9,,,,,,,,,,,,,2,9
5,20,,,,,,,,,,,,,5,20
9,22,,,,,,,,,,,,,9,22
11,19,,,,,,,,,,,,,11,19
14,20,,,,,,,,,,,,,14,20
19,27,,,,,,,,,,,,,19,27
21,26,,,,,,,,,,,,,21,26
28,36,,,,,,,,,,,,,28,36
33,29,,,,,,,,,,,,,33,29
39,49,,,,,,,,,,,,,39,49
44,47,,,,,,,,,,,,,44,47
45,51,,,,,,,,,,,,,45,51
57,57,,,,,,,,,,,,,57,57
223,73,,,,,,,,,,,,,223,73
531,87,,,,,,,,,,,,,531,87
147,49,,,,,,,,,,,,,147,49
148,34,,,,,,,,,,,,,148,34
1,5,,,,,,,,,,,,,1,5
2,22,,,,,,,,,,,,,2,22
1,4,,,,,,,,,,,,,1,4
2,11,,,,,,,,,,,,,2,11
15,38,,,,,,,,,,,,,15,38
28,43,,,,,,,,,,,,,28,43
29,49,,,,,,,,,,,,,29,49
50,51,,,,,,,,,,,,,50,51
109,53,,,,,,,,,,,,,109,53
116,126,,,,,,,,,,,,,116,126
136,135,,,,,,,,,,,,,136,135
139,145,,,,,,,,,,,,,139,145
141,162,,,,,,,,,,,,,141,162
348,108,,,,,,,,,,,,,348,108
1,10,,,,,,,,,,,,,1,10
2,18,,,,,,,,,,,,,2,18
3,17,,,,,,,,,,,,,3,17
6,19,,,,,,,,,,,,,6,19
7,20,,,,,,,,,,,,,7,20
8,18,,,,,,,,,,,,,8,18
13,27,,,,,,,,,,,,,13,27
15,26,,,,,,,,,,,,,15,26
16,30,,,,,,,,,,,,,16,30
17,34,,,,,,,,,,,,,17,34
20,32,,,,,,,,,,,,,20,32
21,35,,,,,,,,,,,,,21,35
24,39,,,,,,,,,,,,,24,39
1,9,,,,,,,,,,,,,1,9
2,15,,,,,,,,,,,,,2,15
3,17,,,,,,,,,,,,,3,17
4,21,,,,,,,,,,,,,4,21
5,22,,,,,,,,,,,,,5,22
6,26,,,,,,,,,,,,,6,26
10,32,,,,,,,,,,,,,10,32
19,36,,,,,,,,,,,,,19,36
1,6,,,,,,,,,,,,,1,6
12,7,,,,,,,,,,,,,12,7
14,8,,,,,,,,,,,,,14,8
15,8,,,,,,,,,,,,,15,8
16,10,,,,,,,,,,,,,16,10
17,12,,,,,,,,,,,,,17,12
19,9,,,,,,,,,,,,,19,9
22,9,,,,,,,,,,,,,22,9
23,12,,,,,,,,,,,,,23,12
24,17,,,,,,,,,,,,,24,17
25,17,,,,,,,,,,,,,25,17
26,20,,,,,,,,,,,,,26,20
28,24,,,,,,,,,,,,,28,24
29,21,,,,,,,,,,,,,29,21
32,25,,,,,,,,,,,,,32,25
33,28,,,,,,,,,,,,,33,28
386,52,,,,,,,,,,,,,386,52
15,76,,,,,,,,,,,,,15,76
19,87,,,,,,,,,,,,,19,87
21,104,,,,,,,,,,,,,21,104
404,252,,,,,,,,,,,,,404,252
8,17,,,,,,,,,,,,,8,17
9,19,,,,,,,,,,,,,9,19
32,26,,,,,,,,,,,,,32,26
2,9,,,,,,,,,,,,,2,9
3,9,,,,,,,,,,,,,3,9
4,12,,,,,,,,,,,,,4,12
8,13,,,,,,,,,,,,,8,13
16,19,,,,,,,,,,,,,16,19
63,13,,,,,,,,,,,,,63,13
127,24,,,,,,,,,,,,,127,24
1,10,,,,,,,,,,,,,1,10
3,7,,,,,,,,,,,,,3,7
1,10,,,,,,,,,,,,,1,10
2,14,,,,,,,,,,,,,2,14
3,17,,,,,,,,,,,,,3,17
5,19,,,,,,,,,,,,,5,19
6,22,,,,,,,,,,,,,6,22
9,22,,,,,,,,,,,,,9,22
10,24,,,,,,,,,,,,,10,24
14,25,,,,,,,,,,,,,14,25
22,31,,,,,,,,,,,,,22,31
23,33,,,,,,,,,,,,,23,33
44,37,,,,,,,,,,,,,44,37
1,22,,,,,,,,,,,,,1,22
10,16,,,,,,,,,,,,,10,16
158,20,,,,,,,,,,,,,158,20
197,25,,,,,,,,,,,,,197,25
901,26,,,,,,,,,,,,,901,26
1,11,,,,,,,,,,,,,1,11
2,3,,,,,,,,,,,,,2,3
3,5,,,,,,,,,,,,,3,5
4,8,,,,,,,,,,,,,4,8
5,11,,,,,,,,,,,,,5,11
6,14,,,,,,,,,,,,,6,14
7,12,,,,,,,,,,,,,7,12
8,15,,,,,,,,,,,,,8,15
10,18,,,,,,,,,,,,,10,18
11,21,,,,,,,,,,,,,11,21
12,22,,,,,,,,,,,,,12,22
13,22,,,,,,,,,,,,,13,22
14,20,,,,,,,,,,,,,14,20
15,24,,,,,,,,,,,,,15,24
25,25,,,,,,,,,,,,,25,25
42,32,,,,,,,,,,,,,42,32
53,34,,,,,,,,,,,,,53,34
69,37,,,,,,,,,,,,,69,37
71,38,,,,,,,,,,,,,71,38
76,39,,,,,,,,,,,,,76,39
77,40,,,,,,,,,,,,,77,40
84,42,,,,,,,,,,,,,84,42
101,45,,,,,,,,,,,,,101,45
111,47,,,,,,,,,,,,,111,47
129,56,,,,,,,,,,,,,129,56
133,51,,,,,,,,,,,,,133,51
2,11,,,,,,,,,,,,,2,11
21,26,,,,,,,,,,,,,21,26
2,13,,,,,,,,,,,,,2,13
3,17,,,,,,,,,,,,,3,17
4,22,,,,,,,,,,,,,4,22
5,26,,,,,,,,,,,,,5,26
7,27,,,,,,,,,,,,,7,27
12,29,,,,,,,,,,,,,12,29
24,42,,,,,,,,,,,,,24,42
49,44,,,,,,,,,,,,,49,44
51,20,,,,,,,,,,,,,51,20
28,34,,,,,,,,,,,,,28,34
29,32,,,,,,,,,,,,,29,32
30,31,,,,,,,,,,,,,30,31
31,35,,,,,,,,,,,,,31,35
32,37,,,,,,,,,,,,,32,37
35,43,,,,,,,,,,,,,35,43
40,40,,,,,,,,,,,,,40,40
42,50,,,,,,,,,,,,,42,50
43,50,,,,,,,,,,,,,43,50
44,45,,,,,,,,,,,,,44,45
48,55,,,,,,,,,,,,,48,55
50,50,,,,,,,,,,,,,50,50
55,50,,,,,,,,,,,,,55,50
57,45,,,,,,,,,,,,,57,45
60,55,,,,,,,,,,,,,60,55
67,67,,,,,,,,,,,,,67,67
69,55,,,,,,,,,,,,,69,55
70,78,,,,,,,,,,,,,70,78
74,55,,,,,,,,,,,,,74,55
75,61,,,,,,,,,,,,,75,61
77,64,,,,,,,,,,,,,77,64
7,15,,,,,,,,,,,,,7,15
9,26,,,,,,,,,,,,,9,26
10,35,,,,,,,,,,,,,10,35
18,35,,,,,,,,,,,,,18,35
30,35,,,,,,,,,,,,,30,35
32,35,,,,,,,,,,,,,32,35
33,35,,,,,,,,,,,,,33,35
36,38,,,,,,,,,,,,,36,38
46,41,,,,,,,,,,,,,46,41
1,3,,,,,,,,,,,,,1,3
2,21,,,,,,,,,,,,,2,21
4,49,,,,,,,,,,,,,4,49
1,9,,,,,,,,,,,,,1,9
2,14,,,,,,,,,,,,,2,14
3,14,,,,,,,,,,,,,3,14
4,17,,,,,,,,,,,,,4,17
5,19,,,,,,,,,,,,,5,19
6,22,,,,,,,,,,,,,6,22
15,25,,,,,,,,,,,,,15,25
26,27,,,,,,,,,,,,,26,27
43,29,,,,,,,,,,,,,43,29
79,39,,,,,,,,,,,,,79,39
93,49,,,,,,,,,,,,,93,49
1,12,,,,,,,,,,,,,1,12
1,13,,,,,,,,,,,,,1,13
1,8,,,,,,,,,,,,,1,8
2,14,,,,,,,,,,,,,2,14
3,19,,,,,,,,,,,,,3,19
4,19,,,,,,,,,,,,,4,19
6,23,,,,,,,,,,,,,6,23
8,23,,,,,,,,,,,,,8,23
9,25,,,,,,,,,,,,,9,25
10,26,,,,,,,,,,,,,10,26
11,27,,,,,,,,,,,,,11,27
12,26,,,,,,,,,,,,,12,26
14,30,,,,,,,,,,,,,14,30
15,31,,,,,,,,,,,,,15,31
17,33,,,,,,,,,,,,,17,33
19,37,,,,,,,,,,,,,19,37
21,39,,,,,,,,,,,,,21,39
22,41,,,,,,,,,,,,,22,41
23,39,,,,,,,,,,,,,23,39
24,41,,,,,,,,,,,,,24,41
25,40,,,,,,,,,,,,,25,40
26,44,,,,,,,,,,,,,26,44
28,45,,,,,,,,,,,,,28,45
29,45,,,,,,,,,,,,,29,45
30,46,,,,,,,,,,,,,30,46
32,47,,,,,,,,,,,,,32,47
34,49,,,,,,,,,,,,,34,49
36,52,,,,,,,,,,,,,36,52
37,53,,,,,,,,,,,,,37,53
38,45,,,,,,,,,,,,,38,45
40,53,,,,,,,,,,,,,40,53
41,56,,,,,,,,,,,,,41,56
42,56,,,,,,,,,,,,,42,56
43,60,,,,,,,,,,,,,43,60
45,58,,,,,,,,,,,,,45,58
46,57,,,,,,,,,,,,,46,57
47,57,,,,,,,,,,,,,47,57
48,61,,,,,,,,,,,,,48,61
49,62,,,,,,,,,,,,,49,62
51,61,,,,,,,,,,,,,51,61
52,61,,,,,,,,,,,,,52,61
53,62,,,,,,,,,,,,,53,62
54,61,,,,,,,,,,,,,54,61
56,63,,,,,,,,,,,,,56,63
57,64,,,,,,,,,,,,,57,64
59,65,,,,,,,,,,,,,59,65
60,64,,,,,,,,,,,,,60,64
61,67,,,,,,,,,,,,,61,67
62,66,,,,,,,,,,,,,62,66
64,68,,,,,,,,,,,,,64,68
66,70,,,,,,,,,,,,,66,70
67,66,,,,,,,,,,,,,67,66
68,67,,,,,,,,,,,,,68,67
70,70,,,,,,,,,,,,,70,70
71,69,,,,,,,,,,,,,71,69
72,67,,,,,,,,,,,,,72,67
73,69,,,,,,,,,,,,,73,69
74,72,,,,,,,,,,,,,74,72
75,70,,,,,,,,,,,,,75,70
76,69,,,,,,,,,,,,,76,69
77,69,,,,,,,,,,,,,77,69
79,68,,,,,,,,,,,,,79,68
80,71,,,,,,,,,,,,,80,71
81,69,,,,,,,,,,,,,81,69
82,71,,,,,,,,,,,,,82,71
83,66,,,,,,,,,,,,,83,66
84,72,,,,,,,,,,,,,84,72
85,74,,,,,,,,,,,,,85,74
87,71,,,,,,,,,,,,,87,71
88,72,,,,,,,,,,,,,88,72
89,70,,,,,,,,,,,,,89,70
90,75,,,,,,,,,,,,,90,75
91,72,,,,,,,,,,,,,91,72
92,71,,,,,,,,,,,,,92,71
93,73,,,,,,,,,,,,,93,73
94,73,,,,,,,,,,,,,94,73
95,76,,,,,,,,,,,,,95,76
96,71,,,,,,,,,,,,,96,71
97,75,,,,,,,,,,,,,97,75
98,78,,,,,,,,,,,,,98,78
99,79,,,,,,,,,,,,,99,79
100,77,,,,,,,,,,,,,100,77
101,77,,,,,,,,,,,,,101,77
103,77,,,,,,,,,,,,,103,77
104,78,,,,,,,,,,,,,104,78
105,81,,,,,,,,,,,,,105,81
1,16,,,,,,,,,,,,,1,16
2,24,,,,,,,,,,,,,2,24
3,28,,,,,,,,,,,,,3,28
4,30,,,,,,,,,,,,,4,30
5,34,,,,,,,,,,,,,5,34
6,36,,,,,,,,,,,,,6,36
7,39,,,,,,,,,,,,,7,39
15,43,,,,,,,,,,,,,15,43
25,47,,,,,,,,,,,,,25,47
28,50,,,,,,,,,,,,,28,50
66,55,,,,,,,,,,,,,66,55
73,63,,,,,,,,,,,,,73,63
110,70,,,,,,,,,,,,,110,70
131,106,,,,,,,,,,,,,131,106
187,92,,,,,,,,,,,,,187,92
197,81,,,,,,,,,,,,,197,81
215,94,,,,,,,,,,,,,215,94
260,95,,,,,,,,,,,,,260,95
289,100,,,,,,,,,,,,,289,100
1,17,,,,,,,,,,,,,1,17
2,27,,,,,,,,,,,,,2,27
3,16,,,,,,,,,,,,,3,16
4,24,,,,,,,,,,,,,4,24
7,28,,,,,,,,,,,,,7,28
9,33,,,,,,,,,,,,,9,33
10,36,,,,,,,,,,,,,10,36
11,38,,,,,,,,,,,,,11,38
12,42,,,,,,,,,,,,,12,42
18,47,,,,,,,,,,,,,18,47
21,48,,,,,,,,,,,,,21,48
22,53,,,,,,,,,,,,,22,53
26,56,,,,,,,,,,,,,26,56
29,57,,,,,,,,,,,,,29,57
34,65,,,,,,,,,,,,,34,65
72,98,,,,,,,,,,,,,72,98
73,91,,,,,,,,,,,,,73,91
60,30,,,,,,,,,,,,,60,30
63,38,,,,,,,,,,,,,63,38
70,30,,,,,,,,,,,,,70,30
2,8,,,,,,,,,,,,,2,8
3,20,,,,,,,,,,,,,3,20
21,56,,,,,,,,,,,,,21,56
24,40,,,,,,,,,,,,,24,40
25,49,,,,,,,,,,,,,25,49
29,50,,,,,,,,,,,,,29,50
42,52,,,,,,,,,,,,,42,52
52,54,,,,,,,,,,,,,52,54
58,51,,,,,,,,,,,,,58,51
63,58,,,,,,,,,,,,,63,58
76,62,,,,,,,,,,,,,76,62
98,60,,,,,,,,,,,,,98,60
105,63,,,,,,,,,,,,,105,63
204,60,,,,,,,,,,,,,204,60
228,70,,,,,,,,,,,,,228,70
752,62,,,,,,,,,,,,,752,62
3,32,,,,,,,,,,,,,3,32
725,44,,,,,,,,,,,,,725,44
1,4,,,,,,,,,,,,,1,4
2,10,,,,,,,,,,,,,2,10
3,17,,,,,,,,,,,,,3,17
4,14,,,,,,,,,,,,,4,14
5,22,,,,,,,,,,,,,5,22
6,16,,,,,,,,,,,,,6,16
7,24,,,,,,,,,,,,,7,24
8,25,,,,,,,,,,,,,8,25
9,18,,,,,,,,,,,,,9,18
10,27,,,,,,,,,,,,,10,27
20,20,,,,,,,,,,,,,20,20
23,33,,,,,,,,,,,,,23,33
24,28,,,,,,,,,,,,,24,28
26,35,,,,,,,,,,,,,26,35
27,31,,,,,,,,,,,,,27,31
28,26,,,,,,,,,,,,,28,26
34,41,,,,,,,,,,,,,34,41
35,29,,,,,,,,,,,,,35,29
36,29,,,,,,,,,,,,,36,29
51,36,,,,,,,,,,,,,51,36
289,31,,,,,,,,,,,,,289,31
290,36,,,,,,,,,,,,,290,36
291,32,,,,,,,,,,,,,291,32
172,30,,,,,,,,,,,,,172,30
177,33,,,,,,,,,,,,,177,33
336,48,,,,,,,,,,,,,336,48
323,89,,,,,,,,,,,,,323,89
325,166,,,,,,,,,,,,,325,166
330,179,,,,,,,,,,,,,330,179
337,126,,,,,,,,,,,,,337,126
339,192,,,,,,,,,,,,,339,192
341,130,,,,,,,,,,,,,341,130
344,133,,,,,,,,,,,,,344,133
345,192,,,,,,,,,,,,,345,192
358,124,,,,,,,,,,,,,358,124
361,127,,,,,,,,,,,,,361,127
362,140,,,,,,,,,,,,,362,140
377,199,,,,,,,,,,,,,377,199
382,109,,,,,,,,,,,,,382,109
389,112,,,,,,,,,,,,,389,112
393,139,,,,,,,,,,,,,393,139
394,207,,,,,,,,,,,,,394,207
397,214,,,,,,,,,,,,,397,214
401,142,,,,,,,,,,,,,401,142
437,115,,,,,,,,,,,,,437,115
440,148,,,,,,,,,,,,,440,148
443,200,,,,,,,,,,,,,443,200
444,223,,,,,,,,,,,,,444,223
465,148,,,,,,,,,,,,,465,148
466,75,,,,,,,,,,,,,466,75
481,130,,,,,,,,,,,,,481,130
488,237,,,,,,,,,,,,,488,237
550,154,,,,,,,,,,,,,550,154
570,130,,,,,,,,,,,,,570,130
605,132,,,,,,,,,,,,,605,132
632,156,,,,,,,,,,,,,632,156
634,156,,,,,,,,,,,,,634,156
640,175,,,,,,,,,,,,,640,175
927,222,,,,,,,,,,,,,927,222
933,253,,,,,,,,,,,,,933,253
1078,253,,,,,,,,,,,,,1078,253
1,6,,,,,,,,,,,,,1,6
2,12,,,,,,,,,,,,,2,12
3,15,,,,,,,,,,,,,3,15
4,25,,,,,,,,,,,,,4,25
1,11,,,,,,,,,,,,,1,11
3,13,,,,,,,,,,,,,3,13
6,14,,,,,,,,,,,,,6,14
9,15,,,,,,,,,,,,,9,15
20,17,,,,,,,,,,,,,20,17
1,6,,,,,,,,,,,,,1,6
2,10,,,,,,,,,,,,,2,10
3,13,,,,,,,,,,,,,3,13
4,16,,,,,,,,,,,,,4,16
5,18,,,,,,,,,,,,,5,18
6,20,,,,,,,,,,,,,6,20
7,23,,,,,,,,,,,,,7,23
8,28,,,,,,,,,,,,,8,28
9,29,,,,,,,,,,,,,9,29
10,32,,,,,,,,,,,,,10,32
11,34,,,,,,,,,,,,,11,34
12,35,,,,,,,,,,,,,12,35
13,40,,,,,,,,,,,,,13,40
14,43,,,,,,,,,,,,,14,43
15,32,,,,,,,,,,,,,15,32
16,36,,,,,,,,,,,,,16,36
19,38,,,,,,,,,,,,,19,38
21,40,,,,,,,,,,,,,21,40
22,41,,,,,,,,,,,,,22,41
23,42,,,,,,,,,,,,,23,42
24,48,,,,,,,,,,,,,24,48
27,54,,,,,,,,,,,,,27,54
28,50,,,,,,,,,,,,,28,50
29,60,,,,,,,,,,,,,29,60
31,73,,,,,,,,,,,,,31,73
123,72,,,,,,,,,,,,,123,72
138,55,,,,,,,,,,,,,138,55
141,70,,,,,,,,,,,,,141,70
145,77,,,,,,,,,,,,,145,77
148,78,,,,,,,,,,,,,148,78
151,84,,,,,,,,,,,,,151,84
155,92,,,,,,,,,,,,,155,92
157,93,,,,,,,,,,,,,157,93
193,101,,,,,,,,,,,,,193,101
30,37,,,,,,,,,,,,,30,37
32,35,,,,,,,,,,,,,32,35
33,37,,,,,,,,,,,,,33,37
34,38,,,,,,,,,,,,,34,38
35,41,,,,,,,,,,,,,35,41
36,41,,,,,,,,,,,,,36,41
37,43,,,,,,,,,,,,,37,43
38,44,,,,,,,,,,,,,38,44
39,47,,,,,,,,,,,,,39,47
40,47,,,,,,,,,,,,,40,47
41,47,,,,,,,,,,,,,41,47
42,48,,,,,,,,,,,,,42,48
43,50,,,,,,,,,,,,,43,50
44,51,,,,,,,,,,,,,44,51
45,52,,,,,,,,,,,,,45,52
46,54,,,,,,,,,,,,,46,54
47,52,,,,,,,,,,,,,47,52
48,52,,,,,,,,,,,,,48,52
53,53,,,,,,,,,,,,,53,53
54,53,,,,,,,,,,,,,54,53
55,53,,,,,,,,,,,,,55,53
56,55,,,,,,,,,,,,,56,55
57,56,,,,,,,,,,,,,57,56
58,58,,,,,,,,,,,,,58,58
59,56,,,,,,,,,,,,,59,56
60,58,,,,,,,,,,,,,60,58
61,45,,,,,,,,,,,,,61,45
62,49,,,,,,,,,,,,,62,49
63,46,,,,,,,,,,,,,63,46
64,48,,,,,,,,,,,,,64,48
66,50,,,,,,,,,,,,,66,50
68,52,,,,,,,,,,,,,68,52
69,54,,,,,,,,,,,,,69,54
70,90,,,,,,,,,,,,,70,90
71,54,,,,,,,,,,,,,71,54
72,56,,,,,,,,,,,,,72,56
75,104,,,,,,,,,,,,,75,104
76,108,,,,,,,,,,,,,76,108
81,62,,,,,,,,,,,,,81,62
82,60,,,,,,,,,,,,,82,60
83,55,,,,,,,,,,,,,83,55
85,56,,,,,,,,,,,,,85,56
87,64,,,,,,,,,,,,,87,64
89,68,,,,,,,,,,,,,89,68
91,53,,,,,,,,,,,,,91,53
93,58,,,,,,,,,,,,,93,58
94,69,,,,,,,,,,,,,94,69
97,61,,,,,,,,,,,,,97,61
98,62,,,,,,,,,,,,,98,62
99,71,,,,,,,,,,,,,99,71
100,66,,,,,,,,,,,,,100,66
101,81,,,,,,,,,,,,,101,81
103,86,,,,,,,,,,,,,103,86
106,87,,,,,,,,,,,,,106,87
108,131,,,,,,,,,,,,,108,131
111,83,,,,,,,,,,,,,111,83
115,85,,,,,,,,,,,,,115,85
116,100,,,,,,,,,,,,,116,100
118,76,,,,,,,,,,,,,118,76
119,150,,,,,,,,,,,,,119,150
120,155,,,,,,,,,,,,,120,155
136,79,,,,,,,,,,,,,136,79
138,95,,,,,,,,,,,,,138,95
139,51,,,,,,,,,,,,,139,51
143,52,,,,,,,,,,,,,143,52
144,81,,,,,,,,,,,,,144,81
147,57,,,,,,,,,,,,,147,57
148,57,,,,,,,,,,,,,148,57
150,59,,,,,,,,,,,,,150,59
151,86,,,,,,,,,,,,,151,86
153,58,,,,,,,,,,,,,153,58
155,60,,,,,,,,,,,,,155,60
157,59,,,,,,,,,,,,,157,59
159,63,,,,,,,,,,,,,159,63
160,60,,,,,,,,,,,,,160,60
165,62,,,,,,,,,,,,,165,62
166,62,,,,,,,,,,,,,166,62
170,61,,,,,,,,,,,,,170,61
171,62,,,,,,,,,,,,,171,62
172,61,,,,,,,,,,,,,172,61
173,61,,,,,,,,,,,,,173,61
175,61,,,,,,,,,,,,,175,61
178,65,,,,,,,,,,,,,178,65
179,62,,,,,,,,,,,,,179,62
180,63,,,,,,,,,,,,,180,63
181,63,,,,,,,,,,,,,181,63
182,65,,,,,,,,,,,,,182,65
185,63,,,,,,,,,,,,,185,63
186,65,,,,,,,,,,,,,186,65
187,65,,,,,,,,,,,,,187,65
189,64,,,,,,,,,,,,,189,64
192,91,,,,,,,,,,,,,192,91
199,66,,,,,,,,,,,,,199,66
200,65,,,,,,,,,,,,,200,65
201,63,,,,,,,,,,,,,201,63
202,69,,,,,,,,,,,,,202,69
203,66,,,,,,,,,,,,,203,66
206,69,,,,,,,,,,,,,206,69
207,94,,,,,,,,,,,,,207,94
243,93,,,,,,,,,,,,,243,93
258,122,,,,,,,,,,,,,258,122
266,81,,,,,,,,,,,,,266,81
270,163,,,,,,,,,,,,,270,163
275,92,,,,,,,,,,,,,275,92
276,127,,,,,,,,,,,,,276,127
284,138,,,,,,,,,,,,,284,138
318,105,,,,,,,,,,,,,318,105
320,95,,,,,,,,,,,,,320,95
333,107,,,,,,,,,,,,,333,107
342,71,,,,,,,,,,,,,342,71
354,113,,,,,,,,,,,,,354,113
359,103,,,,,,,,,,,,,359,103
367,84,,,,,,,,,,,,,367,84
368,170,,,,,,,,,,,,,368,170
374,105,,,,,,,,,,,,,374,105
375,138,,,,,,,,,,,,,375,138
377,86,,,,,,,,,,,,,377,86
378,141,,,,,,,,,,,,,378,141
381,152,,,,,,,,,,,,,381,152
383,128,,,,,,,,,,,,,383,128
388,88,,,,,,,,,,,,,388,88
390,190,,,,,,,,,,,,,390,190
397,90,,,,,,,,,,,,,397,90
404,80,,,,,,,,,,,,,404,80
409,191,,,,,,,,,,,,,409,191
432,104,,,,,,,,,,,,,432,104
433,192,,,,,,,,,,,,,433,192
466,122,,,,,,,,,,,,,466,122
496,141,,,,,,,,,,,,,496,141
522,146,,,,,,,,,,,,,522,146
524,107,,,,,,,,,,,,,524,107
567,174,,,,,,,,,,,,,567,174
3,11,,,,,,,,,,,,,3,11
6,15,,,,,,,,,,,,,6,15
88,23,,,,,,,,,,,,,88,23
93,30,,,,,,,,,,,,,93,30
95,51,,,,,,,,,,,,,95,51
96,30,,,,,,,,,,,,,96,30
100,30,,,,,,,,,,,,,100,30
121,40,,,,,,,,,,,,,121,40
108,16,,,,,,,,,,,,,108,16
112,12,,,,,,,,,,,,,112,12
113,25,,,,,,,,,,,,,113,25
114,21,,,,,,,,,,,,,114,21
115,29,,,,,,,,,,,,,115,29
116,18,,,,,,,,,,,,,116,18
131,18,,,,,,,,,,,,,131,18
132,29,,,,,,,,,,,,,132,29
133,29,,,,,,,,,,,,,133,29
134,17,,,,,,,,,,,,,134,17
135,24,,,,,,,,,,,,,135,24
136,24,,,,,,,,,,,,,136,24
138,25,,,,,,,,,,,,,138,25
139,21,,,,,,,,,,,,,139,21
140,29,,,,,,,,,,,,,140,29
141,36,,,,,,,,,,,,,141,36
144,29,,,,,,,,,,,,,144,29
145,23,,,,,,,,,,,,,145,23
147,22,,,,,,,,,,,,,147,22
148,34,,,,,,,,,,,,,148,34
149,37,,,,,,,,,,,,,149,37
150,34,,,,,,,,,,,,,150,34
151,38,,,,,,,,,,,,,151,38
152,34,,,,,,,,,,,,,152,34
153,33,,,,,,,,,,,,,153,33
155,41,,,,,,,,,,,,,155,41
158,38,,,,,,,,,,,,,158,38
159,39,,,,,,,,,,,,,159,39
160,34,,,,,,,,,,,,,160,34
161,43,,,,,,,,,,,,,161,43
162,26,,,,,,,,,,,,,162,26
163,31,,,,,,,,,,,,,163,31
165,28,,,,,,,,,,,,,165,28
166,29,,,,,,,,,,,,,166,29
167,42,,,,,,,,,,,,,167,42
21,36,,,,,,,,,,,,,21,36
23,44,,,,,,,,,,,,,23,44
30,51,,,,,,,,,,,,,30,51
39,53,,,,,,,,,,,,,39,53
42,63,,,,,,,,,,,,,42,63
160,73,,,,,,,,,,,,,160,73
161,76,,,,,,,,,,,,,161,76
168,79,,,,,,,,,,,,,168,79
194,86,,,,,,,,,,,,,194,86
200,87,,,,,,,,,,,,,200,87
201,93,,,,,,,,,,,,,201,93
99,70,,,,,,,,,,,,,99,70
114,66,,,,,,,,,,,,,114,66
137,70,,,,,,,,,,,,,137,70
145,71,,,,,,,,,,,,,145,71
166,55,,,,,,,,,,,,,166,55
168,60,,,,,,,,,,,,,168,60
171,64,,,,,,,,,,,,,171,64
172,67,,,,,,,,,,,,,172,67
181,69,,,,,,,,,,,,,181,69
182,70,,,,,,,,,,,,,182,70
184,71,,,,,,,,,,,,,184,71
185,76,,,,,,,,,,,,,185,76
186,115,,,,,,,,,,,,,186,115
193,74,,,,,,,,,,,,,193,74
256,81,,,,,,,,,,,,,256,81
259,122,,,,,,,,,,,,,259,122
603,131,,,,,,,,,,,,,603,131
607,137,,,,,,,,,,,,,607,137
652,140,,,,,,,,,,,,,652,140
653,157,,,,,,,,,,,,,653,157
702,162,,,,,,,,,,,,,702,162
1,19,,,,,,,,,,,,,1,19
2,22,,,,,,,,,,,,,2,22
3,29,,,,,,,,,,,,,3,29
5,35,,,,,,,,,,,,,5,35
6,28,,,,,,,,,,,,,6,28
7,38,,,,,,,,,,,,,7,38
8,41,,,,,,,,,,,,,8,41
36,46,,,,,,,,,,,,,36,46
40,49,,,,,,,,,,,,,40,49
45,54,,,,,,,,,,,,,45,54
47,61,,,,,,,,,,,,,47,61
50,67,,,,,,,,,,,,,50,67
157,71,,,,,,,,,,,,,157,71
169,80,,,,,,,,,,,,,169,80
173,87,,,,,,,,,,,,,173,87
183,88,,,,,,,,,,,,,183,88
188,50,,,,,,,,,,,,,188,50
190,90,,,,,,,,,,,,,190,90
191,108,,,,,,,,,,,,,191,108
210,112,,,,,,,,,,,,,210,112
211,122,,,,,,,,,,,,,211,122
212,137,,,,,,,,,,,,,212,137
216,126,,,,,,,,,,,,,216,126
261,144,,,,,,,,,,,,,261,144
263,158,,,,,,,,,,,,,263,158
265,151,,,,,,,,,,,,,265,151
277,157,,,,,,,,,,,,,277,157
286,172,,,,,,,,,,,,,286,172
287,182,,,,,,,,,,,,,287,182
288,161,,,,,,,,,,,,,288,161
301,155,,,,,,,,,,,,,301,155
303,186,,,,,,,,,,,,,303,186
550,196,,,,,,,,,,,,,550,196
551,112,,,,,,,,,,,,,551,112
3,35,,,,,,,,,,,,,3,35
4,35,,,,,,,,,,,,,4,35
7,35,,,,,,,,,,,,,7,35
13,33,,,,,,,,,,,,,13,33
20,37,,,,,,,,,,,,,20,37
21,36,,,,,,,,,,,,,21,36
23,40,,,,,,,,,,,,,23,40
24,38,,,,,,,,,,,,,24,38
25,40,,,,,,,,,,,,,25,40
26,41,,,,,,,,,,,,,26,41
27,41,,,,,,,,,,,,,27,41
28,40,,,,,,,,,,,,,28,40
29,42,,,,,,,,,,,,,29,42
30,43,,,,,,,,,,,,,30,43
31,46,,,,,,,,,,,,,31,46
32,47,,,,,,,,,,,,,32,47
33,47,,,,,,,,,,,,,33,47
34,48,,,,,,,,,,,,,34,48
35,50,,,,,,,,,,,,,35,50
36,48,,,,,,,,,,,,,36,48
37,48,,,,,,,,,,,,,37,48
38,52,,,,,,,,,,,,,38,52
39,56,,,,,,,,,,,,,39,56
40,53,,,,,,,,,,,,,40,53
41,53,,,,,,,,,,,,,41,53
42,53,,,,,,,,,,,,,42,53
43,53,,,,,,,,,,,,,43,53
44,57,,,,,,,,,,,,,44,57
45,51,,,,,,,,,,,,,45,51
46,57,,,,,,,,,,,,,46,57
47,63,,,,,,,,,,,,,47,63
48,59,,,,,,,,,,,,,48,59
50,53,,,,,,,,,,,,,50,53
52,53,,,,,,,,,,,,,52,53
53,58,,,,,,,,,,,,,53,58
54,62,,,,,,,,,,,,,54,62
55,61,,,,,,,,,,,,,55,61
56,61,,,,,,,,,,,,,56,61
57,66,,,,,,,,,,,,,57,66
58,64,,,,,,,,,,,,,58,64
59,62,,,,,,,,,,,,,59,62
60,64,,,,,,,,,,,,,60,64
63,65,,,,,,,,,,,,,63,65
64,68,,,,,,,,,,,,,64,68
65,69,,,,,,,,,,,,,65,69
66,69,,,,,,,,,,,,,66,69
67,70,,,,,,,,,,,,,67,70
68,68,,,,,,,,,,,,,68,68
71,68,,,,,,,,,,,,,71,68
72,71,,,,,,,,,,,,,72,71
73,70,,,,,,,,,,,,,73,70
74,68,,,,,,,,,,,,,74,68
75,75,,,,,,,,,,,,,75,75
76,74,,,,,,,,,,,,,76,74
77,71,,,,,,,,,,,,,77,71
78,75,,,,,,,,,,,,,78,75
81,74,,,,,,,,,,,,,81,74
95,80,,,,,,,,,,,,,95,80
1,23,,,,,,,,,,,,,1,23
2,37,,,,,,,,,,,,,2,37
3,26,,,,,,,,,,,,,3,26
4,31,,,,,,,,,,,,,4,31
5,33,,,,,,,,,,,,,5,33
7,34,,,,,,,,,,,,,7,34
8,34,,,,,,,,,,,,,8,34
9,39,,,,,,,,,,,,,9,39
11,43,,,,,,,,,,,,,11,43
12,46,,,,,,,,,,,,,12,46
30,47,,,,,,,,,,,,,30,47
67,53,,,,,,,,,,,,,67,53
247,70,,,,,,,,,,,,,247,70
1,30,,,,,,,,,,,,,1,30
2,31,,,,,,,,,,,,,2,31
3,34,,,,,,,,,,,,,3,34
4,43,,,,,,,,,,,,,4,43
5,48,,,,,,,,,,,,,5,48
7,41,,,,,,,,,,,,,7,41
8,44,,,,,,,,,,,,,8,44
9,46,,,,,,,,,,,,,9,46
10,47,,,,,,,,,,,,,10,47
11,55,,,,,,,,,,,,,11,55
13,67,,,,,,,,,,,,,13,67
14,73,,,,,,,,,,,,,14,73
19,61,,,,,,,,,,,,,19,61
21,78,,,,,,,,,,,,,21,78
22,94,,,,,,,,,,,,,22,94
25,92,,,,,,,,,,,,,25,92
27,66,,,,,,,,,,,,,27,66
31,77,,,,,,,,,,,,,31,77
32,70,,,,,,,,,,,,,32,70
36,73,,,,,,,,,,,,,36,73
40,102,,,,,,,,,,,,,40,102
42,82,,,,,,,,,,,,,42,82
61,85,,,,,,,,,,,,,61,85
62,111,,,,,,,,,,,,,62,111
63,87,,,,,,,,,,,,,63,87
66,126,,,,,,,,,,,,,66,126
67,92,,,,,,,,,,,,,67,92
68,90,,,,,,,,,,,,,68,90
70,116,,,,,,,,,,,,,70,116
73,79,,,,,,,,,,,,,73,79
76,130,,,,,,,,,,,,,76,130
77,98,,,,,,,,,,,,,77,98
79,109,,,,,,,,,,,,,79,109
85,114,,,,,,,,,,,,,85,114
100,116,,,,,,,,,,,,,100,116
102,113,,,,,,,,,,,,,102,113
103,138,,,,,,,,,,,,,103,138
104,77,,,,,,,,,,,,,104,77
105,105,,,,,,,,,,,,,105,105
106,139,,,,,,,,,,,,,106,139
110,162,,,,,,,,,,,,,110,162
112,165,,,,,,,,,,,,,112,165
113,176,,,,,,,,,,,,,113,176
145,129,,,,,,,,,,,,,145,129
153,146,,,,,,,,,,,,,153,146
185,142,,,,,,,,,,,,,185,142
582,105,,,,,,,,,,,,,582,105
585,163,,,,,,,,,,,,,585,163
601,111,,,,,,,,,,,,,601,111
619,118,,,,,,,,,,,,,619,118
629,129,,,,,,,,,,,,,629,129
630,120,,,,,,,,,,,,,630,120
1,6,,,,,,,,,,,,,1,6
3,16,,,,,,,,,,,,,3,16
5,18,,,,,,,,,,,,,5,18
6,17,,,,,,,,,,,,,6,17
8,22,,,,,,,,,,,,,8,22
10,20,,,,,,,,,,,,,10,20
1,8,,,,,,,,,,,,,1,8
2,13,,,,,,,,,,,,,2,13
3,19,,,,,,,,,,,,,3,19
4,20,,,,,,,,,,,,,4,20
5,21,,,,,,,,,,,,,5,21
6,24,,,,,,,,,,,,,6,24
7,24,,,,,,,,,,,,,7,24
8,26,,,,,,,,,,,,,8,26
9,26,,,,,,,,,,,,,9,26
10,29,,,,,,,,,,,,,10,29
11,29,,,,,,,,,,,,,11,29
12,29,,,,,,,,,,,,,12,29
13,31,,,,,,,,,,,,,13,31
1,8,,,,,,,,,,,,,1,8
3,10,,,,,,,,,,,,,3,10
4,14,,,,,,,,,,,,,4,14
8,16,,,,,,,,,,,,,8,16
9,19,,,,,,,,,,,,,9,19
43,22,,,,,,,,,,,,,43,22
,,,,,,,,,,,,,,1,9
,,,,,,,,,,,,,,4,14
,,,,,,,,,,,,,,1,12
,,,,,,,,,,,,,,3,16
,,,,,,,,,,,,,,8,20
,,,,,,,,,,,,,,17,26
,,,,,,,,,,,,,,1,7
,,,,,,,,,,,,,,2,14
,,,,,,,,,,,,,,7,12
,,,,,,,,,,,,,,8,16
,,,,,,,,,,,,,,9,20
,,,,,,,,,,,,,,11,22
,,,,,,,,,,,,,,12,21
,,,,,,,,,,,,,,13,25
,,,,,,,,,,,,,,14,26
,,,,,,,,,,,,,,15,30
,,,,,,,,,,,,,,16,34
,,,,,,,,,,,,,,17,35
,,,,,,,,,,,,,,18,36
,,,,,,,,,,,,,,19,39
,,,,,,,,,,,,,,20,40
,,,,,,,,,,,,,,21,44
,,,,,,,,,,,,,,23,43
,,,,,,,,,,,,,,24,47
,,,,,,,,,,,,,,25,53
,,,,,,,,,,,,,,26,59
,,,,,,,,,,,,,,27,50
,,,,,,,,,,,,,,32,33
,,,,,,,,,,,,,,102,65
,,,,,,,,,,,,,,1,5
,,,,,,,,,,,,,,2,10
,,,,,,,,,,,,,,4,14
,,,,,,,,,,,,,,5,16
,,,,,,,,,,,,,,7,18
,,,,,,,,,,,,,,8,19
,,,,,,,,,,,,,,9,21
,,,,,,,,,,,,,,12,25
,,,,,,,,,,,,,,14,28
,,,,,,,,,,,,,,15,29
,,,,,,,,,,,,,,17,30
,,,,,,,,,,,,,,18,31
,,,,,,,,,,,,,,23,34
,,,,,,,,,,,,,,26,37
,,,,,,,,,,,,,,28,37
,,,,,,,,,,,,,,33,39
,,,,,,,,,,,,,,46,40
,,,,,,,,,,,,,,39,42
,,,,,,,,,,,,,,44,46
,,,,,,,,,,,,,,50,47
,,,,,,,,,,,,,,54,49
,,,,,,,,,,,,,,55,52
,,,,,,,,,,,,,,64,54
,,,,,,,,,,,,,,73,55
,,,,,,,,,,,,,,1,14
,,,,,,,,,,,,,,3,17
,,,,,,,,,,,,,,4,19
,,,,,,,,,,,,,,5,22
,,,,,,,,,,,,,,7,22
,,,,,,,,,,,,,,9,27
,,,,,,,,,,,,,,11,26
,,,,,,,,,,,,,,13,31
,,,,,,,,,,,,,,14,34
,,,,,,,,,,,,,,18,33
,,,,,,,,,,,,,,19,37
,,,,,,,,,,,,,,25,42
,,,,,,,,,,,,,,26,44
,,,,,,,,,,,,,,30,46
,,,,,,,,,,,,,,32,48
,,,,,,,,,,,,,,36,49
,,,,,,,,,,,,,,39,50
,,,,,,,,,,,,,,40,53
,,,,,,,,,,,,,,41,56
,,,,,,,,,,,,,,45,40
,,,,,,,,,,,,,,60,58
,,,,,,,,,,,,,,76,50
,,,,,,,,,,,,,,89,50
,,,,,,,,,,,,,,103,65
,,,,,,,,,,,,,,1,16
,,,,,,,,,,,,,,2,34
,,,,,,,,,,,,,,3,37
,,,,,,,,,,,,,,4,55
,,,,,,,,,,,,,,15,31
,,,,,,,,,,,,,,35,46
,,,,,,,,,,,,,,40,50
,,,,,,,,,,,,,,41,55
,,,,,,,,,,,,,,49,64
,,,,,,,,,,,,,,1,8
,,,,,,,,,,,,,,2,12
,,,,,,,,,,,,,,3,9
,,,,,,,,,,,,,,4,13
,,,,,,,,,,,,,,5,17
,,,,,,,,,,,,,,6,20
,,,,,,,,,,,,,,25,17
,,,,,,,,,,,,,,7,26
,,,,,,,,,,,,,,9,30
,,,,,,,,,,,,,,12,40
,,,,,,,,,,,,,,41,50
,,,,,,,,,,,,,,53,56
,,,,,,,,,,,,,,69,59
,,,,,,,,,,,,,,73,66
,,,,,,,,,,,,,,79,57
,,,,,,,,,,,,,,95,23
,,,,,,,,,,,,,,168,73
,,,,,,,,,,,,,,195,74
,,,,,,,,,,,,,,224,76
,,,,,,,,,,,,,,232,84
,,,,,,,,,,,,,,1,5
,,,,,,,,,,,,,,2,27
,,,,,,,,,,,,,,3,17
,,,,,,,,,,,,,,6,29
,,,,,,,,,,,,,,2,9
,,,,,,,,,,,,,,3,18
,,,,,,,,,,,,,,4,21
,,,,,,,,,,,,,,5,23
,,,,,,,,,,,,,,6,25
,,,,,,,,,,,,,,9,26
,,,,,,,,,,,,,,10,29
,,,,,,,,,,,,,,14,18
,,,,,,,,,,,,,,19,20
,,,,,,,,,,,,,,23,25
,,,,,,,,,,,,,,1,11
,,,,,,,,,,,,,,2,15
,,,,,,,,,,,,,,3,20
,,,,,,,,,,,,,,6,26
,,,,,,,,,,,,,,1,8
,,,,,,,,,,,,,,5,16
,,,,,,,,,,,,,,18,6
,,,,,,,,,,,,,,20,9
,,,,,,,,,,,,,,23,10
,,,,,,,,,,,,,,26,13
,,,,,,,,,,,,,,29,12
,,,,,,,,,,,,,,545,17
,,,,,,,,,,,,,,547,23
,,,,,,,,,,,,,,1,18
,,,,,,,,,,,,,,2,16
,,,,,,,,,,,,,,4,20
,,,,,,,,,,,,,,7,27
,,,,,,,,,,,,,,8,31
,,,,,,,,,,,,,,9,38
,,,,,,,,,,,,,,12,39
,,,,,,,,,,,,,,13,37
,,,,,,,,,,,,,,15,54
,,,,,,,,,,,,,,17,55
,,,,,,,,,,,,,,18,42
,,,,,,,,,,,,,,19,41
,,,,,,,,,,,,,,20,61
,,,,,,,,,,,,,,21,50
,,,,,,,,,,,,,,22,52
,,,,,,,,,,,,,,27,47
,,,,,,,,,,,,,,44,65
,,,,,,,,,,,,,,97,71
,,,,,,,,,,,,,,172,87
,,,,,,,,,,,,,,5,16
,,,,,,,,,,,,,,6,16
,,,,,,,,,,,,,,7,20
,,,,,,,,,,,,,,8,25
,,,,,,,,,,,,,,9,30
,,,,,,,,,,,,,,10,30
,,,,,,,,,,,,,,11,35
,,,,,,,,,,,,,,12,35
,,,,,,,,,,,,,,13,47
,,,,,,,,,,,,,,15,42
,,,,,,,,,,,,,,30,37
,,,,,,,,,,,,,,32,45
,,,,,,,,,,,,,,33,40
,,,,,,,,,,,,,,35,50
,,,,,,,,,,,,,,38,58
,,,,,,,,,,,,,,42,60
,,,,,,,,,,,,,,44,50
,,,,,,,,,,,,,,47,53
,,,,,,,,,,,,,,50,71
,,,,,,,,,,,,,,51,57
,,,,,,,,,,,,,,55,53
,,,,,,,,,,,,,,62,73
,,,,,,,,,,,,,,1,11
,,,,,,,,,,,,,,3,16
,,,,,,,,,,,,,,4,15
,,,,,,,,,,,,,,15,23
,,,,,,,,,,,,,,25,25
,,,,,,,,,,,,,,26,28
,,,,,,,,,,,,,,32,48
,,,,,,,,,,,,,,33,31
,,,,,,,,,,,,,,37,47
,,,,,,,,,,,,,,53,56
,,,,,,,,,,,,,,61,118
,,,,,,,,,,,,,,1,10
,,,,,,,,,,,,,,2,9
,,,,,,,,,,,,,,3,14
,,,,,,,,,,,,,,4,16
,,,,,,,,,,,,,,5,13
,,,,,,,,,,,,,,6,15
,,,,,,,,,,,,,,13,18
,,,,,,,,,,,,,,16,13
,,,,,,,,,,,,,,18,20
,,,,,,,,,,,,,,20,20
,,,,,,,,,,,,,,22,22
,,,,,,,,,,,,,,23,23
,,,,,,,,,,,,,,24,29
,,,,,,,,,,,,,,29,28
,,,,,,,,,,,,,,32,30
,,,,,,,,,,,,,,38,19
,,,,,,,,,,,,,,43,25
,,,,,,,,,,,,,,44,29
,,,,,,,,,,,,,,47,32
,,,,,,,,,,,,,,49,33
,,,,,,,,,,,,,,103,26
,,,,,,,,,,,,,,119,30
,,,,,,,,,,,,,,1,11
,,,,,,,,,,,,,,10,21
,,,,,,,,,,,,,,57,74
,,,,,,,,,,,,,,76,50
,,,,,,,,,,,,,,79,70
,,,,,,,,,,,,,,82,92
,,,,,,,,,,,,,,99,90
,,,,,,,,,,,,,,133,128
,,,,,,,,,,,,,,135,101
,,,,,,,,,,,,,,140,81
,,,,,,,,,,,,,,159,119
,,,,,,,,,,,,,,160,88
,,,,,,,,,,,,,,196,155
,,,,,,,,,,,,,,210,85
,,,,,,,,,,,,,,94,100
,,,,,,,,,,,,,,1,14
,,,,,,,,,,,,,,2,23
,,,,,,,,,,,,,,3,31
,,,,,,,,,,,,,,4,36
,,,,,,,,,,,,,,5,37
,,,,,,,,,,,,,,9,16
,,,,,,,,,,,,,,62,33
,,,,,,,,,,,,,,1,31
,,,,,,,,,,,,,,2,14
,,,,,,,,,,,,,,3,13
,,,,,,,,,,,,,,4,15
,,,,,,,,,,,,,,5,19
,,,,,,,,,,,,,,6,20
,,,,,,,,,,,,,,7,24
,,,,,,,,,,,,,,8,27
,,,,,,,,,,,,,,9,30
,,,,,,,,,,,,,,10,31
,,,,,,,,,,,,,,11,33
,,,,,,,,,,,,,,12,35
,,,,,,,,,,,,,,13,35
,,,,,,,,,,,,,,14,38
,,,,,,,,,,,,,,15,39
,,,,,,,,,,,,,,16,41
,,,,,,,,,,,,,,17,44
,,,,,,,,,,,,,,18,45
,,,,,,,,,,,,,,19,46
,,,,,,,,,,,,,,20,49
,,,,,,,,,,,,,,21,49
,,,,,,,,,,,,,,22,50
,,,,,,,,,,,,,,23,53
,,,,,,,,,,,,,,25,52
,,,,,,,,,,,,,,26,49
,,,,,,,,,,,,,,27,54
,,,,,,,,,,,,,,28,55
,,,,,,,,,,,,,,39,55
,,,,,,,,,,,,,,1,20
,,,,,,,,,,,,,,2,20
,,,,,,,,,,,,,,6,20
,,,,,,,,,,,,,,2,10
,,,,,,,,,,,,,,3,16
,,,,,,,,,,,,,,5,19
,,,,,,,,,,,,,,1,12
,,,,,,,,,,,,,,2,20
,,,,,,,,,,,,,,3,26
,,,,,,,,,,,,,,84,48
,,,,,,,,,,,,,,90,58
,,,,,,,,,,,,,,1,16
,,,,,,,,,,,,,,2,28
,,,,,,,,,,,,,,3,31
,,,,,,,,,,,,,,4,15
,,,,,,,,,,,,,,5,32
,,,,,,,,,,,,,,6,35
,,,,,,,,,,,,,,11,32
,,,,,,,,,,,,,,12,33
,,,,,,,,,,,,,,13,13
,,,,,,,,,,,,,,19,18
,,,,,,,,,,,,,,22,37
,,,,,,,,,,,,,,23,40
,,,,,,,,,,,,,,24,29
,,,,,,,,,,,,,,26,44
,,,,,,,,,,,,,,27,51
,,,,,,,,,,,,,,30,51
,,,,,,,,,,,,,,34,40
,,,,,,,,,,,,,,36,58
,,,,,,,,,,,,,,1,7
,,,,,,,,,,,,,,3,13
,,,,,,,,,,,,,,7,24
,,,,,,,,,,,,,,55,38
,,,,,,,,,,,,,,152,50
,,,,,,,,,,,,,,250,50
,,,,,,,,,,,,,,1,24
,,,,,,,,,,,,,,2,11
,,,,,,,,,,,,,,3,16
,,,,,,,,,,,,,,4,20
,,,,,,,,,,,,,,7,26
,,,,,,,,,,,,,,15,44
,,,,,,,,,,,,,,17,32
,,,,,,,,,,,,,,18,28
,,,,,,,,,,,,,,21,37
,,,,,,,,,,,,,,22,41
,,,,,,,,,,,,,,23,40
,,,,,,,,,,,,,,24,45
,,,,,,,,,,,,,,30,47
,,,,,,,,,,,,,,36,28
,,,,,,,,,,,,,,46,59
,,,,,,,,,,,,,,50,62
,,,,,,,,,,,,,,64,70
,,,,,,,,,,,,,,77,76
,,,,,,,,,,,,,,6,18
,,,,,,,,,,,,,,8,18
,,,,,,,,,,,,,,9,20
,,,,,,,,,,,,,,10,25
,,,,,,,,,,,,,,11,21
,,,,,,,,,,,,,,13,23
,,,,,,,,,,,,,,16,26
,,,,,,,,,,,,,,17,27
,,,,,,,,,,,,,,18,28
,,,,,,,,,,,,,,21,30
,,,,,,,,,,,,,,22,25
,,,,,,,,,,,,,,29,36
,,,,,,,,,,,,,,38,40
,,,,,,,,,,,,,,122,35
,,,,,,,,,,,,,,123,50
,,,,,,,,,,,,,,124,58
,,,,,,,,,,,,,,160,43
,,,,,,,,,,,,,,176,35
,,,,,,,,,,,,,,250,31
,,,,,,,,,,,,,,283,40
,,,,,,,,,,,,,,292,56
,,,,,,,,,,,,,,301,46
,,,,,,,,,,,,,,305,43
,,,,,,,,,,,,,,307,47
,,,,,,,,,,,,,,308,64
,,,,,,,,,,,,,,309,46
,,,,,,,,,,,,,,310,47
,,,,,,,,,,,,,,314,49
,,,,,,,,,,,,,,315,49
,,,,,,,,,,,,,,339,51
,,,,,,,,,,,,,,340,50
,,,,,,,,,,,,,,370,70
,,,,,,,,,,,,,,453,59
,,,,,,,,,,,,,,2,15
,,,,,,,,,,,,,,10,22
,,,,,,,,,,,,,,26,27
,,,,,,,,,,,,,,29,30
,,,,,,,,,,,,,,30,40
,,,,,,,,,,,,,,45,34
,,,,,,,,,,,,,,1,14
,,,,,,,,,,,,,,2,20
,,,,,,,,,,,,,,3,12
,,,,,,,,,,,,,,5,12
,,,,,,,,,,,,,,6,27
,,,,,,,,,,,,,,9,18
,,,,,,,,,,,,,,10,37
,,,,,,,,,,,,,,12,17
,,,,,,,,,,,,,,1,17
,,,,,,,,,,,,,,3,21
,,,,,,,,,,,,,,15,23
,,,,,,,,,,,,,,1,20
,,,,,,,,,,,,,,14,15
,,,,,,,,,,,,,,4,20
,,,,,,,,,,,,,,7,42
,,,,,,,,,,,,,,9,60
,,,,,,,,,,,,,,11,50
,,,,,,,,,,,,,,13,71
,,,,,,,,,,,,,,14,75
,,,,,,,,,,,,,,19,78
,,,,,,,,,,,,,,25,63
,,,,,,,,,,,,,,28,83
,,,,,,,,,,,,,,33,90
,,,,,,,,,,,,,,35,96
,,,,,,,,,,,,,,37,99
,,,,,,,,,,,,,,38,106
,,,,,,,,,,,,,,46,59
,,,,,,,,,,,,,,47,84
,,,,,,,,,,,,,,61,106
,,,,,,,,,,,,,,65,108
,,,,,,,,,,,,,,66,115
,,,,,,,,,,,,,,70,117
,,,,,,,,,,,,,,81,119
,,,,,,,,,,,,,,83,122
,,,,,,,,,,,,,,84,124
,,,,,,,,,,,,,,95,118
,,,,,,,,,,,,,,97,126
,,,,,,,,,,,,,,102,130
,,,,,,,,,,,,,,109,145
,,,,,,,,,,,,,,139,152
,,,,,,,,,,,,,,2,13
,,,,,,,,,,,,,,1,14
,,,,,,,,,,,,,,2,18
,,,,,,,,,,,,,,3,25
,,,,,,,,,,,,,,4,30
,,,,,,,,,,,,,,5,33
,,,,,,,,,,,,,,11,36
,,,,,,,,,,,,,,13,42
,,,,,,,,,,,,,,21,50
,,,,,,,,,,,,,,35,50
,,,,,,,,,,,,,,46,47
,,,,,,,,,,,,,,14,22
,,,,,,,,,,,,,,2,14
,,,,,,,,,,,,,,3,23
,,,,,,,,,,,,,,4,27
,,,,,,,,,,,,,,5,19
,,,,,,,,,,,,,,6,20
,,,,,,,,,,,,,,7,15
,,,,,,,,,,,,,,8,22
,,,,,,,,,,,,,,9,19
,,,,,,,,,,,,,,10,20
,,,,,,,,,,,,,,11,23
,,,,,,,,,,,,,,12,24
,,,,,,,,,,,,,,13,27
,,,,,,,,,,,,,,16,27
,,,,,,,,,,,,,,17,27
,,,,,,,,,,,,,,18,27
,,,,,,,,,,,,,,19,31
,,,,,,,,,,,,,,20,32
,,,,,,,,,,,,,,21,36
,,,,,,,,,,,,,,24,37
,,,,,,,,,,,,,,27,36
,,,,,,,,,,,,,,28,36
,,,,,,,,,,,,,,31,37
,,,,,,,,,,,,,,32,38
,,,,,,,,,,,,,,33,37
,,,,,,,,,,,,,,34,38
,,,,,,,,,,,,,,42,41
,,,,,,,,,,,,,,43,42
,,,,,,,,,,,,,,44,43
,,,,,,,,,,,,,,45,42
,,,,,,,,,,,,,,47,43
,,,,,,,,,,,,,,48,41
,,,,,,,,,,,,,,54,47
,,,,,,,,,,,,,,55,44
,,,,,,,,,,,,,,56,47
,,,,,,,,,,,,,,57,46
,,,,,,,,,,,,,,58,49
,,,,,,,,,,,,,,59,49
,,,,,,,,,,,,,,61,50
,,,,,,,,,,,,,,62,51
,,,,,,,,,,,,,,65,52
,,,,,,,,,,,,,,66,53
,,,,,,,,,,,,,,67,53
,,,,,,,,,,,,,,72,51
,,,,,,,,,,,,,,74,54
,,,,,,,,,,,,,,75,55
,,,,,,,,,,,,,,76,54
,,,,,,,,,,,,,,77,55
,,,,,,,,,,,,,,79,58
,,,,,,,,,,,,,,80,57
,,,,,,,,,,,,,,83,58
,,,,,,,,,,,,,,85,51
,,,,,,,,,,,,,,87,57
,,,,,,,,,,,,,,89,52
,,,,,,,,,,,,,,91,57
,,,,,,,,,,,,,,93,60
,,,,,,,,,,,,,,95,58
,,,,,,,,,,,,,,96,60
,,,,,,,,,,,,,,98,60
,,,,,,,,,,,,,,99,61
,,,,,,,,,,,,,,102,57
,,,,,,,,,,,,,,104,57
,,,,,,,,,,,,,,105,59
,,,,,,,,,,,,,,108,63
,,,,,,,,,,,,,,110,63
,,,,,,,,,,,,,,111,63
,,,,,,,,,,,,,,113,64
,,,,,,,,,,,,,,114,62
,,,,,,,,,,,,,,115,64
,,,,,,,,,,,,,,117,61
,,,,,,,,,,,,,,118,62
,,,,,,,,,,,,,,120,64
,,,,,,,,,,,,,,122,64
,,,,,,,,,,,,,,128,63
,,,,,,,,,,,,,,129,67
,,,,,,,,,,,,,,130,67
,,,,,,,,,,,,,,133,67
,,,,,,,,,,,,,,135,67
,,,,,,,,,,,,,,138,64
,,,,,,,,,,,,,,141,63
,,,,,,,,,,,,,,146,65
,,,,,,,,,,,,,,147,66
,,,,,,,,,,,,,,150,63
,,,,,,,,,,,,,,151,66
,,,,,,,,,,,,,,152,69
,,,,,,,,,,,,,,157,68
,,,,,,,,,,,,,,158,69
,,,,,,,,,,,,,,167,66
,,,,,,,,,,,,,,168,66
,,,,,,,,,,,,,,174,69
,,,,,,,,,,,,,,175,71
,,,,,,,,,,,,,,177,69
,,,,,,,,,,,,,,178,69
,,,,,,,,,,,,,,183,71
,,,,,,,,,,,,,,185,72
,,,,,,,,,,,,,,189,75
,,,,,,,,,,,,,,192,73
,,,,,,,,,,,,,,193,70
,,,,,,,,,,,,,,195,72
,,,,,,,,,,,,,,196,71
,,,,,,,,,,,,,,200,74
,,,,,,,,,,,,,,201,73
,,,,,,,,,,,,,,202,72
,,,,,,,,,,,,,,205,73
,,,,,,,,,,,,,,206,69
,,,,,,,,,,,,,,207,75
,,,,,,,,,,,,,,208,72
,,,,,,,,,,,,,,209,75
,,,,,,,,,,,,,,213,75
,,,,,,,,,,,,,,216,76
,,,,,,,,,,,,,,220,78
,,,,,,,,,,,,,,222,78
,,,,,,,,,,,,,,223,75
,,,,,,,,,,,,,,226,78
,,,,,,,,,,,,,,268,71
,,,,,,,,,,,,,,269,75
,,,,,,,,,,,,,,271,76
,,,,,,,,,,,,,,275,73
,,,,,,,,,,,,,,285,77
,,,,,,,,,,,,,,300,78
,,,,,,,,,,,,,,303,77
,,,,,,,,,,,,,,305,75
,,,,,,,,,,,,,,306,74
,,,,,,,,,,,,,,309,74
,,,,,,,,,,,,,,311,73
,,,,,,,,,,,,,,313,77
,,,,,,,,,,,,,,341,75
,,,,,,,,,,,,,,388,73
,,,,,,,,,,,,,,391,80
,,,,,,,,,,,,,,397,80
,,,,,,,,,,,,,,1,16
,,,,,,,,,,,,,,1,17
,,,,,,,,,,,,,,2,26
,,,,,,,,,,,,,,3,30
,,,,,,,,,,,,,,4,35
,,,,,,,,,,,,,,5,26
,,,,,,,,,,,,,,6,31
,,,,,,,,,,,,,,7,32
,,,,,,,,,,,,,,8,26
,,,,,,,,,,,,,,9,29
,,,,,,,,,,,,,,10,29
,,,,,,,,,,,,,,12,32
,,,,,,,,,,,,,,14,26
,,,,,,,,,,,,,,15,27
,,,,,,,,,,,,,,1,11
,,,,,,,,,,,,,,1,10
,,,,,,,,,,,,,,9,20
,,,,,,,,,,,,,,21,22
,,,,,,,,,,,,,,58,30
,,,,,,,,,,,,,,1,12
,,,,,,,,,,,,,,1,18
,,,,,,,,,,,,,,2,24
,,,,,,,,,,,,,,4,19
,,,,,,,,,,,,,,5,20
,,,,,,,,,,,,,,7,20
,,,,,,,,,,,,,,59,20
,,,,,,,,,,,,,,64,20
,,,,,,,,,,,,,,202,29
,,,,,,,,,,,,,,203,23
,,,,,,,,,,,,,,4,15
,,,,,,,,,,,,,,5,17
,,,,,,,,,,,,,,6,24
,,,,,,,,,,,,,,7,25
,,,,,,,,,,,,,,8,28
,,,,,,,,,,,,,,10,30
,,,,,,,,,,,,,,11,36
,,,,,,,,,,,,,,15,36
,,,,,,,,,,,,,,17,40
,,,,,,,,,,,,,,23,41
,,,,,,,,,,,,,,24,43
,,,,,,,,,,,,,,25,45
,,,,,,,,,,,,,,58,48
,,,,,,,,,,,,,,61,50
,,,,,,,,,,,,,,62,51
,,,,,,,,,,,,,,2,15
,,,,,,,,,,,,,,31,40
,,,,,,,,,,,,,,59,60
,,,,,,,,,,,,,,1,15
,,,,,,,,,,,,,,1,12
,,,,,,,,,,,,,,2,16
,,,,,,,,,,,,,,3,31
,,,,,,,,,,,,,,4,37
,,,,,,,,,,,,,,6,44
,,,,,,,,,,,,,,8,48
,,,,,,,,,,,,,,10,39
,,,,,,,,,,,,,,16,40
,,,,,,,,,,,,,,22,46
,,,,,,,,,,,,,,244,70
,,,,,,,,,,,,,,1,5
,,,,,,,,,,,,,,11,10
,,,,,,,,,,,,,,1,10
,,,,,,,,,,,,,,3,15
,,,,,,,,,,,,,,5,20
,,,,,,,,,,,,,,6,24
,,,,,,,,,,,,,,7,25
,,,,,,,,,,,,,,8,28
,,,,,,,,,,,,,,9,32
,,,,,,,,,,,,,,10,33
,,,,,,,,,,,,,,15,36
,,,,,,,,,,,,,,18,36
,,,,,,,,,,,,,,31,40
,,,,,,,,,,,,,,3,10
,,,,,,,,,,,,,,6,21
,,,,,,,,,,,,,,7,24
,,,,,,,,,,,,,,8,31
,,,,,,,,,,,,,,11,33
,,,,,,,,,,,,,,12,32
,,,,,,,,,,,,,,13,37
,,,,,,,,,,,,,,15,42
,,,,,,,,,,,,,,16,42
,,,,,,,,,,,,,,17,43
,,,,,,,,,,,,,,18,45
,,,,,,,,,,,,,,19,50
,,,,,,,,,,,,,,20,74
,,,,,,,,,,,,,,21,84
,,,,,,,,,,,,,,22,95
,,,,,,,,,,,,,,24,98
,,,,,,,,,,,,,,25,104
,,,,,,,,,,,,,,27,115
,,,,,,,,,,,,,,28,136
,,,,,,,,,,,,,,29,122
,,,,,,,,,,,,,,32,134
,,,,,,,,,,,,,,34,142
,,,,,,,,,,,,,,35,157
,,,,,,,,,,,,,,46,167
,,,,,,,,,,,,,,47,179
,,,,,,,,,,,,,,53,188
,,,,,,,,,,,,,,58,203
,,,,,,,,,,,,,,62,205
,,,,,,,,,,,,,,63,219
,,,,,,,,,,,,,,68,228
,,,,,,,,,,,,,,79,244
,,,,,,,,,,,,,,85,252
,,,,,,,,,,,,,,148,257
,,,,,,,,,,,,,,158,269
,,,,,,,,,,,,,,160,273
,,,,,,,,,,,,,,161,277
,,,,,,,,,,,,,,167,285
,,,,,,,,,,,,,,179,289
,,,,,,,,,,,,,,192,307
,,,,,,,,,,,,,,1,3
,,,,,,,,,,,,,,3,12
,,,,,,,,,,,,,,1,9
,,,,,,,,,,,,,,2,10
,,,,,,,,,,,,,,3,11
,,,,,,,,,,,,,,4,15
,,,,,,,,,,,,,,5,16
,,,,,,,,,,,,,,8,20
,,,,,,,,,,,,,,9,21
,,,,,,,,,,,,,,11,23
,,,,,,,,,,,,,,16,24
,,,,,,,,,,,,,,22,22
,,,,,,,,,,,,,,23,24
,,,,,,,,,,,,,,25,29
,,,,,,,,,,,,,,27,29
,,,,,,,,,,,,,,28,31
,,,,,,,,,,,,,,29,32
,,,,,,,,,,,,,,30,32
,,,,,,,,,,,,,,31,35
,,,,,,,,,,,,,,32,34
,,,,,,,,,,,,,,34,39
,,,,,,,,,,,,,,35,40
,,,,,,,,,,,,,,36,37
,,,,,,,,,,,,,,39,42
,,,,,,,,,,,,,,40,31
,,,,,,,,,,,,,,42,45
,,,,,,,,,,,,,,47,49
,,,,,,,,,,,,,,2,6
,,,,,,,,,,,,,,4,8
,,,,,,,,,,,,,,6,11
,,,,,,,,,,,,,,8,14
,,,,,,,,,,,,,,2,14
,,,,,,,,,,,,,,11,30
,,,,,,,,,,,,,,30,55
,,,,,,,,,,,,,,2,15
,,,,,,,,,,,,,,1,14
,,,,,,,,,,,,,,2,21
,,,,,,,,,,,,,,3,16
,,,,,,,,,,,,,,4,19
,,,,,,,,,,,,,,5,30
,,,,,,,,,,,,,,6,32
,,,,,,,,,,,,,,7,35
,,,,,,,,,,,,,,8,41
,,,,,,,,,,,,,,12,43
,,,,,,,,,,,,,,14,46
,,,,,,,,,,,,,,15,49
,,,,,,,,,,,,,,16,54
,,,,,,,,,,,,,,2,17
,,,,,,,,,,,,,,6,24
,,,,,,,,,,,,,,9,26
,,,,,,,,,,,,,,12,31
,,,,,,,,,,,,,,27,29
,,,,,,,,,,,,,,28,34
,,,,,,,,,,,,,,30,30
,,,,,,,,,,,,,,32,35
,,,,,,,,,,,,,,35,40
,,,,,,,,,,,,,,363,27
,,,,,,,,,,,,,,364,33
,,,,,,,,,,,,,,365,35
,,,,,,,,,,,,,,366,36
,,,,,,,,,,,,,,367,40
,,,,,,,,,,,,,,368,46
,,,,,,,,,,,,,,370,48
,,,,,,,,,,,,,,1,32
,,,,,,,,,,,,,,2,16
,,,,,,,,,,,,,,3,20
,,,,,,,,,,,,,,4,24
,,,,,,,,,,,,,,5,25
,,,,,,,,,,,,,,6,25
,,,,,,,,,,,,,,7,31
,,,,,,,,,,,,,,8,28
,,,,,,,,,,,,,,9,39
,,,,,,,,,,,,,,10,34
,,,,,,,,,,,,,,11,35
,,,,,,,,,,,,,,12,45
,,,,,,,,,,,,,,13,49
,,,,,,,,,,,,,,14,46
,,,,,,,,,,,,,,15,44
,,,,,,,,,,,,,,17,43
,,,,,,,,,,,,,,18,57
,,,,,,,,,,,,,,19,53
,,,,,,,,,,,,,,21,53
,,,,,,,,,,,,,,22,52
,,,,,,,,,,,,,,23,50
,,,,,,,,,,,,,,34,53
,,,,,,,,,,,,,,39,46
,,,,,,,,,,,,,,40,58
,,,,,,,,,,,,,,62,52
,,,,,,,,,,,,,,70,49
,,,,,,,,,,,,,,72,47
,,,,,,,,,,,,,,73,58
,,,,,,,,,,,,,,76,57
,,,,,,,,,,,,,,1,3
,,,,,,,,,,,,,,9,21
,,,,,,,,,,,,,,16,24
,,,,,,,,,,,,,,30,30
,,,,,,,,,,,,,,58,41
,,,,,,,,,,,,,,107,58
,,,,,,,,,,,,,,1,8
,,,,,,,,,,,,,,4,11
,,,,,,,,,,,,,,11,19
,,,,,,,,,,,,,,17,22
,,,,,,,,,,,,,,19,26
,,,,,,,,,,,,,,32,27
,,,,,,,,,,,,,,36,37
,,,,,,,,,,,,,,2,15
,,,,,,,,,,,,,,5,17
,,,,,,,,,,,,,,3,8
,,,,,,,,,,,,,,5,10
,,,,,,,,,,,,,,7,13
,,,,,,,,,,,,,,12,17
,,,,,,,,,,,,,,258,39
,,,,,,,,,,,,,,1,5
,,,,,,,,,,,,,,3,7
,,,,,,,,,,,,,,4,9
,,,,,,,,,,,,,,5,13
,,,,,,,,,,,,,,7,21
,,,,,,,,,,,,,,8,23
,,,,,,,,,,,,,,10,16
,,,,,,,,,,,,,,12,19
,,,,,,,,,,,,,,1,16
,,,,,,,,,,,,,,4,19
,,,,,,,,,,,,,,5,22
,,,,,,,,,,,,,,8,25
,,,,,,,,,,,,,,12,30
,,,,,,,,,,,,,,19,33
,,,,,,,,,,,,,,23,36
,,,,,,,,,,,,,,29,40
,,,,,,,,,,,,,,40,41
,,,,,,,,,,,,,,52,42
,,,,,,,,,,,,,,225,70
,,,,,,,,,,,,,,2,10
,,,,,,,,,,,,,,5,9
,,,,,,,,,,,,,,6,9
,,,,,,,,,,,,,,10,16
,,,,,,,,,,,,,,17,21
,,,,,,,,,,,,,,24,18
,,,,,,,,,,,,,,44,30
,,,,,,,,,,,,,,51,32
,,,,,,,,,,,,,,32,10
,,,,,,,,,,,,,,33,5
,,,,,,,,,,,,,,37,7
,,,,,,,,,,,,,,39,8
,,,,,,,,,,,,,,41,10
,,,,,,,,,,,,,,42,13
,,,,,,,,,,,,,,46,16
,,,,,,,,,,,,,,50,20
,,,,,,,,,,,,,,52,23
,,,,,,,,,,,,,,64,22
,,,,,,,,,,,,,,73,24
,,,,,,,,,,,,,,86,23
,,,,,,,,,,,,,,93,26
,,,,,,,,,,,,,,96,27
,,,,,,,,,,,,,,100,30
,,,,,,,,,,,,,,105,29
,,,,,,,,,,,,,,106,29
,,,,,,,,,,,,,,107,34
,,,,,,,,,,,,,,108,32
,,,,,,,,,,,,,,109,30
,,,,,,,,,,,,,,112,36
,,,,,,,,,,,,,,122,41
,,,,,,,,,,,,,,125,37
,,,,,,,,,,,,,,146,40
,,,,,,,,,,,,,,148,41
,,,,,,,,,,,,,,2,7
,,,,,,,,,,,,,,3,8
,,,,,,,,,,,,,,5,11
,,,,,,,,,,,,,,6,12
,,,,,,,,,,,,,,7,11
,,,,,,,,,,,,,,11,19
,,,,,,,,,,,,,,13,19
,,,,,,,,,,,,,,17,22
,,,,,,,,,,,,,,37,34
,,,,,,,,,,,,,,38,30
,,,,,,,,,,,,,,53,39
,,,,,,,,,,,,,,99,40
,,,,,,,,,,,,,,124,43
,,,,,,,,,,,,,,224,48
,,,,,,,,,,,,,,1,8
,,,,,,,,,,,,,,1,25
,,,,,,,,,,,,,,4,31
,,,,,,,,,,,,,,8,38
,,,,,,,,,,,,,,13,42
,,,,,,,,,,,,,,19,39
,,,,,,,,,,,,,,20,47
,,,,,,,,,,,,,,24,52
,,,,,,,,,,,,,,34,56
,,,,,,,,,,,,,,37,64
,,,,,,,,,,,,,,47,84
,,,,,,,,,,,,,,51,75
,,,,,,,,,,,,,,61,68
,,,,,,,,,,,,,,62,77
,,,,,,,,,,,,,,68,80
,,,,,,,,,,,,,,71,100
,,,,,,,,,,,,,,82,89
,,,,,,,,,,,,,,85,94
,,,,,,,,,,,,,,89,100
,,,,,,,,,,,,,,97,139
,,,,,,,,,,,,,,138,105
,,,,,,,,,,,,,,139,142
,,,,,,,,,,,,,,142,151
,,,,,,,,,,,,,,147,109
,,,,,,,,,,,,,,152,159
,,,,,,,,,,,,,,159,173
,,,,,,,,,,,,,,166,183
,,,,,,,,,,,,,,174,136
,,,,,,,,,,,,,,177,193
,,,,,,,,,,,,,,180,214
,,,,,,,,,,,,,,181,151
,,,,,,,,,,,,,,188,152
,,,,,,,,,,,,,,267,165
,,,,,,,,,,,,,,286,228
,,,,,,,,,,,,,,299,230
,,,,,,,,,,,,,,307,182
,,,,,,,,,,,,,,317,237
,,,,,,,,,,,,,,341,239
,,,,,,,,,,,,,,379,243
,,,,,,,,,,,,,,384,249
,,,,,,,,,,,,,,385,252
,,,,,,,,,,,,,,404,261
,,,,,,,,,,,,,,407,204
,,,,,,,,,,,,,,1,14
,,,,,,,,,,,,,,2,20
,,,,,,,,,,,,,,4,21
,,,,,,,,,,,,,,6,11
,,,,,,,,,,,,,,9,19
,,,,,,,,,,,,,,2,10
,,,,,,,,,,,,,,5,11
,,,,,,,,,,,,,,6,16
,,,,,,,,,,,,,,8,18
,,,,,,,,,,,,,,9,24
,,,,,,,,,,,,,,10,19
,,,,,,,,,,,,,,12,19
,,,,,,,,,,,,,,13,22
,,,,,,,,,,,,,,14,23
,,,,,,,,,,,,,,15,25
,,,,,,,,,,,,,,18,27
,,,,,,,,,,,,,,21,30
,,,,,,,,,,,,,,23,28
,,,,,,,,,,,,,,28,25
,,,,,,,,,,,,,,1,20
,,,,,,,,,,,,,,2,24
,,,,,,,,,,,,,,3,28
,,,,,,,,,,,,,,4,29
,,,,,,,,,,,,,,5,34
,,,,,,,,,,,,,,6,17
,,,,,,,,,,,,,,7,37
,,,,,,,,,,,,,,8,21
,,,,,,,,,,,,,,9,31
,,,,,,,,,,,,,,10,24
,,,,,,,,,,,,,,11,26
,,,,,,,,,,,,,,12,26
,,,,,,,,,,,,,,13,29
,,,,,,,,,,,,,,14,23
,,,,,,,,,,,,,,15,32
,,,,,,,,,,,,,,17,28
,,,,,,,,,,,,,,18,31
,,,,,,,,,,,,,,19,30
,,,,,,,,,,,,,,21,34
,,,,,,,,,,,,,,22,36
,,,,,,,,,,,,,,24,30
,,,,,,,,,,,,,,25,37
,,,,,,,,,,,,,,27,34
,,,,,,,,,,,,,,29,38
,,,,,,,,,,,,,,31,38
,,,,,,,,,,,,,,32,46
,,,,,,,,,,,,,,33,36
,,,,,,,,,,,,,,35,38
,,,,,,,,,,,,,,37,38
,,,,,,,,,,,,,,41,40
,,,,,,,,,,,,,,42,44
,,,,,,,,,,,,,,44,49
,,,,,,,,,,,,,,49,51
,,,,,,,,,,,,,,50,52
,,,,,,,,,,,,,,51,52
,,,,,,,,,,,,,,54,30
,,,,,,,,,,,,,,59,44
,,,,,,,,,,,,,,103,37
,,,,,,,,,,,,,,2,35
,,,,,,,,,,,,,,3,48
,,,,,,,,,,,,,,7,48
,,,,,,,,,,,,,,12,50
,,,,,,,,,,,,,,5,14
,,,,,,,,,,,,,,7,19
,,,,,,,,,,,,,,25,37
,,,,,,,,,,,,,,26,39
,,,,,,,,,,,,,,27,38
,,,,,,,,,,,,,,30,40
,,,,,,,,,,,,,,31,39
,,,,,,,,,,,,,,32,41
,,,,,,,,,,,,,,34,40
,,,,,,,,,,,,,,35,41
,,,,,,,,,,,,,,36,43
,,,,,,,,,,,,,,37,42
,,,,,,,,,,,,,,38,43
,,,,,,,,,,,,,,39,44
,,,,,,,,,,,,,,40,43
,,,,,,,,,,,,,,42,42
,,,,,,,,,,,,,,43,42
,,,,,,,,,,,,,,45,44
,,,,,,,,,,,,,,46,50
,,,,,,,,,,,,,,47,50
,,,,,,,,,,,,,,48,49
,,,,,,,,,,,,,,49,47
,,,,,,,,,,,,,,50,47
,,,,,,,,,,,,,,52,48
,,,,,,,,,,,,,,56,49
,,,,,,,,,,,,,,57,46
,,,,,,,,,,,,,,58,51
,,,,,,,,,,,,,,63,50
,,,,,,,,,,,,,,64,52
,,,,,,,,,,,,,,65,52
,,,,,,,,,,,,,,66,53
,,,,,,,,,,,,,,67,53
,,,,,,,,,,,,,,69,53
,,,,,,,,,,,,,,70,54
,,,,,,,,,,,,,,71,54
,,,,,,,,,,,,,,73,50
,,,,,,,,,,,,,,76,52
,,,,,,,,,,,,,,77,54
,,,,,,,,,,,,,,78,53
,,,,,,,,,,,,,,82,52
,,,,,,,,,,,,,,83,54
,,,,,,,,,,,,,,85,55
,,,,,,,,,,,,,,86,52
,,,,,,,,,,,,,,92,63
,,,,,,,,,,,,,,95,55
,,,,,,,,,,,,,,99,59
,,,,,,,,,,,,,,105,65
,,,,,,,,,,,,,,107,59
,,,,,,,,,,,,,,129,65
,,,,,,,,,,,,,,132,62
,,,,,,,,,,,,,,142,65
,,,,,,,,,,,,,,162,65
,,,,,,,,,,,,,,233,70
,,,,,,,,,,,,,,757,104
,,,,,,,,,,,,,,774,86
,,,,,,,,,,,,,,834,88
,,,,,,,,,,,,,,811,158
,,,,,,,,,,,,,,812,124
,,,,,,,,,,,,,,838,90
,,,,,,,,,,,,,,234,94
,,,,,,,,,,,,,,237,99
,,,,,,,,,,,,,,15,29
,,,,,,,,,,,,,,16,27
,,,,,,,,,,,,,,17,28
,,,,,,,,,,,,,,18,30
,,,,,,,,,,,,,,19,29
,,,,,,,,,,,,,,20,31
,,,,,,,,,,,,,,21,31
,,,,,,,,,,,,,,22,33
,,,,,,,,,,,,,,24,32
,,,,,,,,,,,,,,25,33
,,,,,,,,,,,,,,26,34
,,,,,,,,,,,,,,27,36
,,,,,,,,,,,,,,28,34
,,,,,,,,,,,,,,29,35
,,,,,,,,,,,,,,30,34
,,,,,,,,,,,,,,31,36
,,,,,,,,,,,,,,32,35
,,,,,,,,,,,,,,33,30
,,,,,,,,,,,,,,34,33
,,,,,,,,,,,,,,35,33
,,,,,,,,,,,,,,37,33
,,,,,,,,,,,,,,38,35
,,,,,,,,,,,,,,39,35
,,,,,,,,,,,,,,40,36
,,,,,,,,,,,,,,41,37
,,,,,,,,,,,,,,42,38
,,,,,,,,,,,,,,1068,40
,,,,,,,,,,,,,,638,85
,,,,,,,,,,,,,,927,96
,,,,,,,,,,,,,,536,42
,,,,,,,,,,,,,,537,50
,,,,,,,,,,,,,,539,46
,,,,,,,,,,,,,,545,70
,,,,,,,,,,,,,,546,77
,,,,,,,,,,,,,,554,63
,,,,,,,,,,,,,,558,74
,,,,,,,,,,,,,,876,70
,,,,,,,,,,,,,,898,107
,,,,,,,,,,,,,,901,121
,,,,,,,,,,,,,,906,121
,,,,,,,,,,,,,,908,104
,,,,,,,,,,,,,,909,130
,,,,,,,,,,,,,,913,103
,,,,,,,,,,,,,,918,106
,,,,,,,,,,,,,,920,111
,,,,,,,,,,,,,,927,90
,,,,,,,,,,,,,,929,260
,,,,,,,,,,,,,,934,114
,,,,,,,,,,,,,,935,200
,,,,,,,,,,,,,,938,117
,,,,,,,,,,,,,,939,202
,,,,,,,,,,,,,,941,167
,,,,,,,,,,,,,,942,128
,,,,,,,,,,,,,,951,136
,,,,,,,,,,,,,,953,183
,,,,,,,,,,,,,,954,137
,,,,,,,,,,,,,,961,140
,,,,,,,,,,,,,,962,155
,,,,,,,,,,,,,,963,186
,,,,,,,,,,,,,,965,201
,,,,,,,,,,,,,,967,212
,,,,,,,,,,,,,,972,195
,,,,,,,,,,,,,,973,180
,,,,,,,,,,,,,,984,206
,,,,,,,,,,,,,,985,150
,,,,,,,,,,,,,,988,190
,,,,,,,,,,,,,,995,155
,,,,,,,,,,,,,,996,155
,,,,,,,,,,,,,,998,215
,,,,,,,,,,,,,,1003,159
,,,,,,,,,,,,,,1004,162
,,,,,,,,,,,,,,1006,163
,,,,,,,,,,,,,,1012,163
,,,,,,,,,,,,,,1013,247
,,,,,,,,,,,,,,1014,248
,,,,,,,,,,,,,,1016,165
,,,,,,,,,,,,,,321,101
,,,,,,,,,,,,,,322,101
,,,,,,,,,,,,,,323,107
,,,,,,,,,,,,,,332,111
,,,,,,,,,,,,,,345,114
,,,,,,,,,,,,,,353,119
,,,,,,,,,,,,,,358,123
,,,,,,,,,,,,,,392,124
,,,,,,,,,,,,,,401,125
,,,,,,,,,,,,,,402,131
,,,,,,,,,,,,,,405,133
,,,,,,,,,,,,,,408,145
,,,,,,,,,,,,,,722,157
,,,,,,,,,,,,,,363,101
,,,,,,,,,,,,,,580,72
,,,,,,,,,,,,,,582,74
,,,,,,,,,,,,,,584,84
,,,,,,,,,,,,,,623,92
,,,,,,,,,,,,,,547,91
,,,,,,,,,,,,,,559,107
,,,,,,,,,,,,,,565,143
,,,,,,,,,,,,,,600,163
,,,,,,,,,,,,,,601,160
,,,,,,,,,,,,,,627,191
,,,,,,,,,,,,,,670,215
,,,,,,,,,,,,,,613,90
,,,,,,,,,,,,,,640,103
,,,,,,,,,,,,,,662,100
,,,,,,,,,,,,,,677,100